CustomerID,CustomerName,Region,Country,City,Segment,PaymentTerms,CreditLimit
CUST0001,Willow Enterprises,UK,England,Leeds,SME,Net 30,50000
CUST0002,Harbor Solutions,Europe,France,Paris,SME,Net 30,5000
CUST0003,Cedar Supplies,UK,Scotland,Glasgow,SME,Net 45,20000
CUST0004,Umbra Industries,UK,England,London,Mid-Market,Net 15,100000
CUST0005,Nova Supplies,Europe,Germany,Berlin,SME,Net 30,20000
CUST0006,Willow Group,UK,England,London,Enterprise,Net 45,250000
CUST0007,Beta Partners,Africa,South Africa,Cape Town,Mid-Market,Net 30,20000
CUST0008,Epsilon Partners,Africa,South Africa,Cape Town,Mid-Market,Net 30,100000
CUST0009,Delta Logistics,UK,England,Manchester,Enterprise,Net 45,20000
CUST0010,Orion Solutions,UK,England,Leeds,SME,Net 30,10000
CUST0011,Vertex Holdings,Africa,South Africa,Johannesburg,SME,Net 30,20000
CUST0012,Beta Holdings,UK,England,Manchester,SME,Net 45,50000
CUST0013,Pioneer Supplies,UK,England,London,Mid-Market,Net 30,50000
CUST0014,Delta Logistics,Africa,Kenya,Nairobi,Mid-Market,Net 30,20000
CUST0015,Maple Group,Africa,South Africa,Cape Town,Mid-Market,Net 30,100000
CUST0016,Nova Solutions,UK,England,Birmingham,SME,Net 45,100000
CUST0017,Umbra Holdings,Europe,Spain,Madrid,Mid-Market,Net 45,50000
CUST0018,Terra Holdings,Africa,South Africa,Cape Town,SME,Net 30,100000
CUST0019,Alpha Logistics,Europe,Spain,Madrid,SME,Net 30,10000
CUST0020,Alpha Holdings,UK,England,Leeds,Mid-Market,Net 45,20000
CUST0021,River Solutions,UK,Scotland,Glasgow,Mid-Market,Net 45,50000
CUST0022,River Partners,UK,Scotland,Glasgow,SME,Net 45,20000
CUST0023,Epsilon Retailers,Africa,Kenya,Nairobi,Mid-Market,Net 30,100000
CUST0024,Umbra Partners,Africa,Nigeria,Abuja,Mid-Market,Net 30,10000
CUST0025,Summit Supplies,Europe,Netherlands,Amsterdam,Mid-Market,Net 30,20000
CUST0026,Delta Retailers,UK,England,Manchester,SME,Net 30,100000
CUST0027,Orion Trading,Europe,Spain,Madrid,Enterprise,Net 30,100000
CUST0028,Quantum Group,Africa,Kenya,Nairobi,SME,Net 30,20000
CUST0029,Alpha Partners,UK,Scotland,Glasgow,Mid-Market,Net 30,20000
CUST0030,Vertex Supplies,Europe,Netherlands,Amsterdam,SME,Net 60,10000
CUST0031,Maple Logistics,UK,England,Manchester,SME,Net 45,20000
CUST0032,Harbor Trading,Europe,Italy,Rome,Mid-Market,Net 60,5000
CUST0033,Radiant Enterprises,Europe,Germany,Berlin,Mid-Market,Net 15,20000
CUST0034,Quantum Retailers,UK,England,Leeds,SME,Net 45,50000
CUST0035,Terra Retailers,Europe,Germany,Berlin,SME,Net 15,50000
CUST0036,Beta Enterprises,UK,England,Leeds,Mid-Market,Net 30,50000
CUST0037,Harbor Trading,UK,Scotland,Glasgow,SME,Net 30,250000
CUST0038,Nova Partners,UK,England,Birmingham,Mid-Market,Net 45,20000
CUST0039,Harbor Industries,Africa,South Africa,Cape Town,Enterprise,Net 45,5000
CUST0040,Nova Solutions,Europe,Spain,Madrid,Mid-Market,Net 30,20000
CUST0041,Nova Trading,Africa,South Africa,Johannesburg,SME,Net 30,10000
CUST0042,Alpha Enterprises,Europe,France,Paris,Mid-Market,Net 45,10000
CUST0043,Quantum Industries,Africa,South Africa,Johannesburg,Mid-Market,Net 45,50000
CUST0044,Vertex Retailers,Europe,Spain,Madrid,SME,Net 30,10000
CUST0045,Epsilon Group,UK,England,Manchester,Enterprise,Net 60,50000
CUST0046,Alpha Holdings,UK,England,Manchester,SME,Net 30,20000
CUST0047,Epsilon Enterprises,UK,England,London,SME,Net 30,10000
CUST0048,Maple Partners,UK,England,Birmingham,SME,Net 30,20000
CUST0049,Quantum Industries,Europe,Italy,Rome,Mid-Market,Net 30,20000
CUST0050,Orion Group,UK,England,Manchester,SME,Net 15,5000
CUST0051,Beta Industries,UK,Scotland,Glasgow,SME,Net 30,5000
CUST0052,Beta Trading,Africa,Kenya,Nairobi,Mid-Market,Net 30,10000
CUST0053,Delta Group,Europe,Italy,Rome,Mid-Market,Net 30,10000
CUST0054,Quantum Enterprises,Africa,Nigeria,Abuja,SME,Net 45,10000
CUST0055,Terra Trading,Africa,Kenya,Nairobi,SME,Net 45,20000
CUST0056,Nova Enterprises,UK,England,Leeds,Mid-Market,Net 45,10000
CUST0057,Cedar Solutions,Africa,South Africa,Johannesburg,SME,Net 30,250000
CUST0058,Epsilon Solutions,Europe,Netherlands,Amsterdam,Mid-Market,Net 45,10000
CUST0059,Cedar Industries,Africa,Nigeria,Lagos,Enterprise,Net 15,20000
CUST0060,Cedar Enterprises,Africa,South Africa,Johannesburg,Enterprise,Net 30,50000
CUST0061,Cedar Solutions,Europe,Netherlands,Amsterdam,Enterprise,Net 45,20000
CUST0062,River Partners,UK,England,London,Enterprise,Net 30,250000
CUST0063,Delta Partners,UK,England,Birmingham,SME,Net 60,50000
CUST0064,Epsilon Logistics,Africa,South Africa,Cape Town,SME,Net 45,10000
CUST0065,Xenon Solutions,Africa,Nigeria,Lagos,SME,Net 30,10000
CUST0066,Xenon Holdings,Africa,Nigeria,Lagos,Mid-Market,Net 60,50000
CUST0067,Vertex Group,Africa,Kenya,Nairobi,SME,Net 45,20000
CUST0068,Alpha Trading,UK,England,Manchester,Mid-Market,Net 30,10000
CUST0069,Beta Supplies,Africa,South Africa,Cape Town,Enterprise,Net 30,10000
CUST0070,Vertex Group,Europe,Netherlands,Amsterdam,SME,Net 30,10000
CUST0071,Vertex Group,Europe,France,Paris,Mid-Market,Net 15,5000
CUST0072,Quantum Logistics,Europe,Italy,Rome,SME,Net 45,50000
CUST0073,Orion Holdings,UK,England,Leeds,Enterprise,Net 45,10000
CUST0074,Pioneer Holdings,Europe,Netherlands,Amsterdam,SME,Net 30,10000
CUST0075,River Enterprises,Africa,Kenya,Nairobi,SME,Net 30,5000
CUST0076,Harbor Group,UK,England,Leeds,Mid-Market,Net 45,5000
CUST0077,Vertex Solutions,Europe,Netherlands,Amsterdam,SME,Net 30,50000
CUST0078,Orion Partners,Africa,Nigeria,Lagos,SME,Net 30,10000
CUST0079,Vertex Retailers,UK,England,Birmingham,Mid-Market,Net 45,250000
CUST0080,Orion Logistics,UK,Scotland,Glasgow,SME,Net 30,5000
CUST0081,River Group,Africa,South Africa,Johannesburg,Mid-Market,Net 30,20000
CUST0082,Epsilon Retailers,Africa,South Africa,Cape Town,SME,Net 15,100000
CUST0083,Pioneer Partners,Africa,South Africa,Cape Town,Enterprise,Net 60,100000
CUST0084,Pioneer Enterprises,Europe,Netherlands,Amsterdam,SME,Net 45,5000
CUST0085,Terra Solutions,UK,England,London,Enterprise,Net 45,100000
CUST0086,Cedar Supplies,Europe,France,Paris,Mid-Market,Net 60,50000
CUST0087,Radiant Group,UK,Scotland,Glasgow,Enterprise,Net 15,50000
CUST0088,Xenon Group,UK,England,Leeds,Mid-Market,Net 45,5000
CUST0089,River Enterprises,Europe,Italy,Rome,SME,Net 30,10000
CUST0090,Vertex Industries,Africa,Nigeria,Abuja,SME,Net 45,250000
CUST0091,Pioneer Supplies,Europe,Germany,Berlin,Mid-Market,Net 60,10000
CUST0092,Umbra Trading,UK,England,Birmingham,SME,Net 15,10000
CUST0093,Aspen Trading,UK,Scotland,Glasgow,SME,Net 45,10000
CUST0094,Xenon Holdings,Europe,Netherlands,Amsterdam,Mid-Market,Net 45,50000
CUST0095,Maple Retailers,UK,England,London,Mid-Market,Net 45,20000
CUST0096,Pioneer Holdings,UK,England,Birmingham,Mid-Market,Net 45,5000
CUST0097,Umbra Retailers,Europe,Germany,Berlin,SME,Net 30,100000
CUST0098,Willow Solutions,UK,Scotland,Glasgow,SME,Net 45,10000
CUST0099,Pioneer Group,UK,England,Birmingham,SME,Net 45,20000
CUST0100,Quantum Supplies,Europe,Netherlands,Amsterdam,SME,Net 45,20000
CUST0101,Xenon Trading,Africa,Kenya,Nairobi,SME,Net 30,20000
CUST0102,Delta Logistics,Africa,Kenya,Nairobi,SME,Net 30,50000
CUST0103,Nova Trading,Europe,France,Paris,SME,Net 45,20000
CUST0104,River Solutions,Europe,Netherlands,Amsterdam,SME,Net 30,50000
CUST0105,Harbor Partners,Africa,South Africa,Cape Town,Enterprise,Net 30,5000
CUST0106,Nova Partners,UK,England,Birmingham,SME,Net 45,50000
CUST0107,Alpha Logistics,Europe,Spain,Madrid,Mid-Market,Net 30,20000
CUST0108,Orion Solutions,Africa,Nigeria,Lagos,Mid-Market,Net 45,50000
CUST0109,Umbra Enterprises,UK,England,Manchester,SME,Net 30,20000
CUST0110,Orion Trading,Europe,Germany,Berlin,SME,Net 30,50000
CUST0111,Radiant Group,Africa,South Africa,Cape Town,SME,Net 30,5000
CUST0112,Epsilon Supplies,UK,England,London,SME,Net 60,100000
CUST0113,Radiant Group,Europe,Netherlands,Amsterdam,SME,Net 30,100000
CUST0114,Cedar Group,UK,England,Manchester,Enterprise,Net 30,5000
CUST0115,Quantum Supplies,UK,England,Birmingham,SME,Net 45,5000
CUST0116,Umbra Industries,Africa,Nigeria,Lagos,SME,Net 30,10000
CUST0117,Alpha Partners,Africa,Nigeria,Abuja,SME,Net 15,10000
CUST0118,Orion Holdings,Europe,Italy,Rome,Mid-Market,Net 30,50000
CUST0119,Beta Supplies,UK,England,Birmingham,SME,Net 45,10000
CUST0120,Maple Industries,Africa,Kenya,Nairobi,SME,Net 60,100000
CUST0121,Vertex Supplies,UK,England,Birmingham,Mid-Market,Net 60,100000
CUST0122,Alpha Partners,Europe,Spain,Madrid,Enterprise,Net 30,10000
CUST0123,Radiant Industries,UK,Scotland,Glasgow,Mid-Market,Net 60,20000
CUST0124,Orion Retailers,UK,England,Leeds,SME,Net 30,20000
CUST0125,Willow Supplies,Africa,Kenya,Nairobi,SME,Net 60,250000
CUST0126,Maple Enterprises,UK,Scotland,Glasgow,Enterprise,Net 45,20000
CUST0127,Delta Supplies,Europe,Spain,Madrid,SME,Net 30,50000
CUST0128,Orion Partners,Europe,Netherlands,Amsterdam,SME,Net 45,20000
CUST0129,Aspen Retailers,Africa,South Africa,Johannesburg,SME,Net 45,20000
CUST0130,Aspen Trading,UK,England,Leeds,Enterprise,Net 30,100000
CUST0131,Epsilon Supplies,Africa,Nigeria,Abuja,SME,Net 60,10000
CUST0132,Umbra Solutions,Africa,Kenya,Nairobi,SME,Net 60,100000
CUST0133,Orion Supplies,Europe,Germany,Berlin,SME,Net 45,20000
CUST0134,River Holdings,Africa,South Africa,Cape Town,SME,Net 45,250000
CUST0135,Pioneer Enterprises,Europe,France,Paris,Mid-Market,Net 45,20000
CUST0136,Vertex Supplies,UK,England,Leeds,SME,Net 30,50000
CUST0137,Radiant Trading,Europe,Italy,Rome,Mid-Market,Net 45,250000
CUST0138,Pioneer Trading,Africa,South Africa,Cape Town,Enterprise,Net 45,10000
CUST0139,Xenon Enterprises,Europe,Netherlands,Amsterdam,Mid-Market,Net 30,50000
CUST0140,Quantum Retailers,Africa,Nigeria,Abuja,SME,Net 30,50000
CUST0141,Vertex Trading,Europe,France,Paris,SME,Net 45,100000
CUST0142,Summit Industries,UK,Scotland,Glasgow,Mid-Market,Net 30,50000
CUST0143,Harbor Supplies,Europe,France,Paris,Mid-Market,Net 30,10000
CUST0144,Harbor Trading,Africa,Kenya,Nairobi,SME,Net 45,20000
CUST0145,Nova Holdings,UK,England,Birmingham,Mid-Market,Net 45,50000
CUST0146,Umbra Group,Europe,Italy,Rome,SME,Net 45,100000
CUST0147,River Logistics,Africa,South Africa,Cape Town,SME,Net 30,10000
CUST0148,Umbra Enterprises,Europe,Germany,Berlin,SME,Net 60,50000
CUST0149,Epsilon Supplies,Africa,South Africa,Cape Town,SME,Net 45,50000
CUST0150,Delta Enterprises,Africa,South Africa,Johannesburg,SME,Net 30,50000
CUST0151,Nova Enterprises,UK,England,Manchester,Mid-Market,Net 45,5000
CUST0152,Summit Supplies,UK,Scotland,Glasgow,SME,Net 45,20000
CUST0153,Nova Holdings,Africa,Nigeria,Abuja,SME,Net 30,50000
CUST0154,Pioneer Trading,Africa,South Africa,Cape Town,Enterprise,Net 60,5000
CUST0155,Cedar Partners,Africa,South Africa,Johannesburg,Mid-Market,Net 30,20000
CUST0156,Nova Enterprises,UK,England,Manchester,SME,Net 30,10000
CUST0157,Willow Trading,UK,England,Birmingham,Mid-Market,Net 30,20000
CUST0158,Cedar Trading,UK,Scotland,Glasgow,SME,Net 60,20000
CUST0159,River Holdings,Africa,Nigeria,Abuja,SME,Net 30,50000
CUST0160,Maple Solutions,Europe,Netherlands,Amsterdam,SME,Net 15,100000
CUST0161,Alpha Partners,Europe,Italy,Rome,Mid-Market,Net 30,50000
CUST0162,Vertex Holdings,UK,England,Birmingham,SME,Net 30,250000
CUST0163,Cedar Industries,Africa,South Africa,Cape Town,Mid-Market,Net 60,10000
CUST0164,Quantum Trading,UK,England,Leeds,SME,Net 30,100000
CUST0165,Quantum Industries,Africa,South Africa,Cape Town,SME,Net 45,50000
CUST0166,Umbra Holdings,Africa,Nigeria,Lagos,Enterprise,Net 45,10000
CUST0167,Alpha Enterprises,UK,England,Manchester,Mid-Market,Net 45,250000
CUST0168,Summit Supplies,Europe,Spain,Madrid,Mid-Market,Net 30,50000
CUST0169,Orion Supplies,UK,England,Leeds,SME,Net 30,50000
CUST0170,River Retailers,UK,England,London,SME,Net 30,100000
CUST0171,Maple Logistics,UK,England,Manchester,Enterprise,Net 30,100000
CUST0172,Epsilon Group,UK,Scotland,Glasgow,SME,Net 30,50000
CUST0173,Pioneer Supplies,UK,England,London,Mid-Market,Net 30,20000
CUST0174,Delta Supplies,Africa,Nigeria,Lagos,SME,Net 30,100000
CUST0175,Aspen Logistics,UK,Scotland,Glasgow,Mid-Market,Net 45,20000
CUST0176,Willow Industries,UK,England,Manchester,Enterprise,Net 30,10000
CUST0177,Vertex Enterprises,Africa,Nigeria,Lagos,Mid-Market,Net 30,50000
CUST0178,Willow Trading,Europe,Spain,Madrid,SME,Net 15,50000
CUST0179,Beta Group,Africa,South Africa,Cape Town,SME,Net 15,10000
CUST0180,Orion Trading,Africa,South Africa,Cape Town,Mid-Market,Net 30,50000
CUST0181,Radiant Holdings,Africa,Nigeria,Lagos,SME,Net 60,50000
CUST0182,Cedar Retailers,Africa,South Africa,Johannesburg,Mid-Market,Net 30,5000
CUST0183,Umbra Holdings,Europe,Spain,Madrid,Enterprise,Net 30,10000
CUST0184,Vertex Enterprises,Africa,South Africa,Johannesburg,SME,Net 30,50000
CUST0185,Summit Industries,UK,England,London,Mid-Market,Net 60,5000
CUST0186,Terra Retailers,UK,England,Leeds,Mid-Market,Net 30,20000
CUST0187,Summit Enterprises,Africa,Nigeria,Abuja,Enterprise,Net 30,10000
CUST0188,Radiant Holdings,Europe,Germany,Berlin,SME,Net 60,100000
CUST0189,Umbra Group,UK,England,London,Mid-Market,Net 60,10000
CUST0190,Harbor Supplies,Africa,Nigeria,Lagos,Mid-Market,Net 60,10000
CUST0191,Pioneer Trading,Africa,South Africa,Johannesburg,SME,Net 60,250000
CUST0192,River Partners,Europe,Spain,Madrid,SME,Net 30,50000
CUST0193,Alpha Group,Europe,France,Paris,Mid-Market,Net 45,20000
CUST0194,Orion Trading,Africa,Nigeria,Abuja,SME,Net 60,50000
CUST0195,Orion Partners,UK,England,Manchester,Mid-Market,Net 30,20000
CUST0196,Xenon Supplies,UK,England,Manchester,Enterprise,Net 30,10000
CUST0197,Cedar Group,Africa,South Africa,Johannesburg,SME,Net 15,5000
CUST0198,River Retailers,UK,England,Birmingham,Mid-Market,Net 60,50000
CUST0199,Harbor Retailers,Africa,South Africa,Johannesburg,Enterprise,Net 15,50000
CUST0200,Nova Enterprises,Europe,Spain,Madrid,Mid-Market,Net 30,20000
CUST0201,Beta Supplies,Africa,Nigeria,Lagos,SME,Net 45,10000
CUST0202,Terra Solutions,Africa,South Africa,Johannesburg,SME,Net 30,250000
CUST0203,Vertex Trading,Europe,France,Paris,SME,Net 30,100000
CUST0204,Radiant Enterprises,Africa,Kenya,Nairobi,SME,Net 30,20000
CUST0205,Quantum Logistics,UK,Scotland,Glasgow,Mid-Market,Net 30,10000
CUST0206,Vertex Supplies,UK,England,Manchester,SME,Net 30,250000
CUST0207,Pioneer Retailers,Europe,Netherlands,Amsterdam,Mid-Market,Net 30,10000
CUST0208,Vertex Enterprises,Africa,South Africa,Cape Town,SME,Net 30,50000
CUST0209,Vertex Trading,UK,Scotland,Glasgow,SME,Net 60,20000
CUST0210,Delta Retailers,UK,England,London,Enterprise,Net 30,5000
CUST0211,Harbor Trading,Europe,Germany,Berlin,SME,Net 30,100000
CUST0212,Epsilon Retailers,UK,England,Birmingham,SME,Net 15,10000
CUST0213,Summit Holdings,Africa,Kenya,Nairobi,SME,Net 30,100000
CUST0214,Willow Group,Africa,South Africa,Johannesburg,SME,Net 45,20000
CUST0215,Epsilon Enterprises,Africa,Kenya,Nairobi,Mid-Market,Net 60,20000
CUST0216,Willow Enterprises,Europe,Germany,Berlin,SME,Net 30,5000
CUST0217,Radiant Partners,Europe,Spain,Madrid,Mid-Market,Net 60,10000
CUST0218,Umbra Partners,UK,Scotland,Glasgow,SME,Net 30,20000
CUST0219,Delta Enterprises,UK,England,Manchester,SME,Net 30,5000
CUST0220,Terra Trading,UK,England,London,Enterprise,Net 45,10000
CUST0221,Pioneer Solutions,UK,England,Birmingham,SME,Net 30,20000
CUST0222,Alpha Retailers,UK,England,London,SME,Net 15,10000
CUST0223,Maple Supplies,Europe,Netherlands,Amsterdam,SME,Net 30,20000
CUST0224,River Retailers,UK,England,Birmingham,SME,Net 60,50000
CUST0225,Epsilon Retailers,Africa,Nigeria,Abuja,Enterprise,Net 60,20000
CUST0226,Willow Enterprises,Africa,South Africa,Johannesburg,Mid-Market,Net 30,5000
CUST0227,Vertex Group,Europe,France,Paris,SME,Net 30,20000
CUST0228,Quantum Enterprises,Europe,Germany,Berlin,SME,Net 30,50000
CUST0229,Summit Group,Europe,France,Paris,SME,Net 30,50000
CUST0230,River Holdings,UK,England,London,SME,Net 45,10000
CUST0231,Orion Industries,Europe,France,Paris,SME,Net 15,10000
CUST0232,Vertex Holdings,Europe,Germany,Berlin,SME,Net 30,20000
CUST0233,Harbor Retailers,UK,Scotland,Glasgow,Enterprise,Net 30,5000
CUST0234,River Trading,Africa,Nigeria,Lagos,Enterprise,Net 30,50000
CUST0235,Summit Solutions,Africa,Nigeria,Lagos,SME,Net 30,50000
CUST0236,Delta Holdings,UK,England,London,Mid-Market,Net 60,20000
CUST0237,Willow Partners,UK,Scotland,Glasgow,SME,Net 30,100000
CUST0238,Xenon Holdings,Africa,South Africa,Cape Town,SME,Net 30,100000
CUST0239,Orion Industries,Africa,South Africa,Johannesburg,Mid-Market,Net 30,5000
CUST0240,Summit Logistics,Europe,France,Paris,SME,Net 30,100000
CUST0241,Willow Partners,UK,England,Manchester,Enterprise,Net 45,20000
CUST0242,Umbra Group,Africa,South Africa,Johannesburg,Mid-Market,Net 15,20000
CUST0243,Umbra Solutions,Africa,Nigeria,Lagos,SME,Net 45,20000
CUST0244,Delta Supplies,Africa,Nigeria,Lagos,SME,Net 30,10000
CUST0245,Terra Holdings,UK,England,Leeds,Mid-Market,Net 30,100000
CUST0246,Quantum Solutions,Europe,Netherlands,Amsterdam,SME,Net 30,10000
CUST0247,Pioneer Industries,Europe,Spain,Madrid,SME,Net 30,10000
CUST0248,River Industries,Europe,Spain,Madrid,SME,Net 30,20000
CUST0249,Maple Group,Africa,South Africa,Cape Town,SME,Net 60,10000
CUST0250,Pioneer Retailers,UK,England,Birmingham,SME,Net 30,10000
CUST0251,Orion Logistics,Africa,Kenya,Nairobi,Mid-Market,Net 45,10000
CUST0252,Radiant Holdings,Africa,Nigeria,Abuja,SME,Net 15,20000
CUST0253,Maple Enterprises,Europe,Netherlands,Amsterdam,SME,Net 30,100000
CUST0254,Radiant Logistics,UK,Scotland,Glasgow,SME,Net 15,20000
CUST0255,Summit Industries,Africa,Nigeria,Lagos,Mid-Market,Net 30,20000
CUST0256,Maple Retailers,UK,England,Manchester,Mid-Market,Net 30,250000
CUST0257,Cedar Solutions,Africa,Nigeria,Lagos,SME,Net 60,5000
CUST0258,Willow Group,Africa,Nigeria,Abuja,Mid-Market,Net 45,100000
CUST0259,Radiant Industries,Africa,South Africa,Cape Town,SME,Net 30,100000
CUST0260,Willow Supplies,Africa,Nigeria,Abuja,SME,Net 30,10000
CUST0261,Vertex Group,UK,England,Birmingham,SME,Net 15,20000
CUST0262,Vertex Holdings,UK,England,Birmingham,Mid-Market,Net 30,50000
CUST0263,Quantum Trading,Europe,Netherlands,Amsterdam,Mid-Market,Net 45,20000
CUST0264,Radiant Partners,Africa,South Africa,Johannesburg,SME,Net 30,20000
CUST0265,Willow Solutions,Europe,Netherlands,Amsterdam,SME,Net 30,20000
CUST0266,Orion Supplies,UK,England,Birmingham,SME,Net 45,10000
CUST0267,Terra Supplies,UK,England,London,Enterprise,Net 30,20000
CUST0268,Orion Partners,UK,Scotland,Glasgow,Mid-Market,Net 45,10000
CUST0269,River Logistics,Africa,Kenya,Nairobi,SME,Net 30,5000
CUST0270,Harbor Industries,UK,England,London,SME,Net 30,50000
CUST0271,Orion Group,Africa,Nigeria,Abuja,Enterprise,Net 45,250000
CUST0272,Xenon Trading,Europe,Spain,Madrid,Mid-Market,Net 30,20000
CUST0273,Orion Industries,UK,England,Manchester,SME,Net 30,10000
CUST0274,Orion Group,Europe,Italy,Rome,Mid-Market,Net 30,50000
CUST0275,Epsilon Supplies,Europe,Spain,Madrid,SME,Net 30,20000
CUST0276,Orion Logistics,Africa,Kenya,Nairobi,SME,Net 30,20000
CUST0277,Beta Logistics,UK,England,Birmingham,SME,Net 30,100000
CUST0278,Maple Group,Europe,Spain,Madrid,SME,Net 30,100000
CUST0279,Radiant Logistics,Africa,South Africa,Cape Town,SME,Net 30,250000
CUST0280,Beta Solutions,Africa,South Africa,Cape Town,Enterprise,Net 30,20000
CUST0281,Nova Partners,Africa,South Africa,Johannesburg,Enterprise,Net 30,50000
CUST0282,Delta Partners,Africa,South Africa,Cape Town,SME,Net 30,50000
CUST0283,Vertex Group,UK,England,Leeds,Mid-Market,Net 45,20000
CUST0284,Harbor Enterprises,Africa,South Africa,Cape Town,SME,Net 60,10000
CUST0285,Willow Supplies,Africa,Nigeria,Lagos,SME,Net 30,5000
CUST0286,Aspen Enterprises,Africa,Nigeria,Lagos,SME,Net 60,20000
CUST0287,Radiant Enterprises,UK,England,Leeds,SME,Net 45,20000
CUST0288,Willow Supplies,Africa,Kenya,Nairobi,Enterprise,Net 30,20000
CUST0289,Vertex Partners,Africa,South Africa,Cape Town,SME,Net 30,100000
CUST0290,Umbra Enterprises,UK,England,Birmingham,Mid-Market,Net 45,10000
CUST0291,Alpha Logistics,Europe,Italy,Rome,SME,Net 30,10000
CUST0292,Epsilon Holdings,Europe,Germany,Berlin,SME,Net 15,10000
CUST0293,Terra Group,Africa,South Africa,Cape Town,Mid-Market,Net 45,100000
CUST0294,Quantum Solutions,Europe,Italy,Rome,SME,Net 30,250000
CUST0295,Nova Retailers,Europe,Germany,Berlin,Enterprise,Net 30,10000
CUST0296,Pioneer Partners,Africa,Nigeria,Lagos,Mid-Market,Net 15,20000
CUST0297,Cedar Solutions,Africa,South Africa,Cape Town,SME,Net 45,5000
CUST0298,Harbor Logistics,Africa,South Africa,Cape Town,Mid-Market,Net 30,50000
CUST0299,Delta Industries,Africa,Nigeria,Abuja,SME,Net 30,5000
CUST0300,Pioneer Group,Europe,Italy,Rome,Mid-Market,Net 60,100000
CUST0301,Radiant Supplies,UK,England,Manchester,SME,Net 45,50000
CUST0302,Pioneer Trading,UK,England,Manchester,SME,Net 15,100000
CUST0303,Vertex Industries,Europe,Netherlands,Amsterdam,Mid-Market,Net 45,10000
CUST0304,Aspen Logistics,Africa,Nigeria,Abuja,SME,Net 30,20000
CUST0305,Delta Industries,Europe,Spain,Madrid,SME,Net 30,100000
CUST0306,Quantum Holdings,Europe,Germany,Berlin,SME,Net 60,20000
CUST0307,Umbra Trading,Europe,Italy,Rome,Mid-Market,Net 30,50000
CUST0308,Radiant Trading,Europe,Italy,Rome,Enterprise,Net 15,100000
CUST0309,Nova Trading,UK,Scotland,Glasgow,SME,Net 60,20000
CUST0310,Aspen Group,Europe,Netherlands,Amsterdam,Mid-Market,Net 30,20000
CUST0311,Delta Industries,Europe,Italy,Rome,Mid-Market,Net 30,50000
CUST0312,Radiant Partners,Europe,Germany,Berlin,Mid-Market,Net 30,50000
CUST0313,Beta Retailers,Europe,France,Paris,Mid-Market,Net 45,20000
CUST0314,Aspen Trading,Africa,Nigeria,Abuja,SME,Net 45,100000
CUST0315,Orion Group,Europe,Netherlands,Amsterdam,SME,Net 30,10000
CUST0316,Quantum Trading,Africa,Kenya,Nairobi,Mid-Market,Net 45,100000
CUST0317,Willow Logistics,UK,England,Birmingham,Mid-Market,Net 30,250000
CUST0318,Vertex Holdings,Africa,South Africa,Johannesburg,Mid-Market,Net 30,50000
CUST0319,Delta Holdings,Europe,Spain,Madrid,Mid-Market,Net 45,100000
CUST0320,Quantum Solutions,Africa,South Africa,Johannesburg,SME,Net 30,5000
CUST0321,Pioneer Trading,Africa,South Africa,Johannesburg,Enterprise,Net 30,10000
CUST0322,Vertex Industries,UK,England,Leeds,SME,Net 45,50000
CUST0323,Cedar Trading,UK,England,London,SME,Net 30,100000
CUST0324,Delta Retailers,Europe,Spain,Madrid,Mid-Market,Net 30,250000
CUST0325,Beta Retailers,UK,England,Birmingham,Mid-Market,Net 45,50000
CUST0326,Quantum Holdings,Africa,Kenya,Nairobi,Mid-Market,Net 15,50000
CUST0327,Pioneer Partners,Africa,Nigeria,Abuja,Mid-Market,Net 45,20000
CUST0328,Beta Retailers,Europe,Spain,Madrid,Mid-Market,Net 45,20000
CUST0329,Summit Group,UK,England,Birmingham,SME,Net 30,50000
CUST0330,Summit Partners,Africa,South Africa,Johannesburg,SME,Net 30,250000
CUST0331,Pioneer Industries,Europe,Spain,Madrid,SME,Net 30,5000
CUST0332,Maple Trading,UK,England,Birmingham,SME,Net 15,5000
CUST0333,Cedar Enterprises,Europe,France,Paris,SME,Net 45,50000
CUST0334,Aspen Group,Africa,Kenya,Nairobi,Mid-Market,Net 15,20000
CUST0335,Terra Partners,UK,Scotland,Glasgow,Mid-Market,Net 30,10000
CUST0336,Alpha Industries,UK,Scotland,Glasgow,Mid-Market,Net 45,10000
CUST0337,Beta Holdings,UK,Scotland,Glasgow,Enterprise,Net 30,100000
CUST0338,Willow Holdings,UK,England,Leeds,SME,Net 45,10000
CUST0339,Cedar Group,Africa,Nigeria,Abuja,SME,Net 45,10000
CUST0340,Nova Solutions,Europe,France,Paris,SME,Net 30,20000
CUST0341,Beta Partners,Africa,Kenya,Nairobi,Enterprise,Net 30,100000
CUST0342,Maple Solutions,Europe,Germany,Berlin,SME,Net 30,100000
CUST0343,Radiant Group,Europe,Spain,Madrid,SME,Net 30,50000
CUST0344,Alpha Enterprises,UK,England,Birmingham,SME,Net 30,20000
CUST0345,Harbor Retailers,UK,England,Birmingham,Mid-Market,Net 30,100000
CUST0346,Terra Holdings,UK,England,Birmingham,SME,Net 30,20000
CUST0347,Xenon Retailers,Africa,South Africa,Johannesburg,Mid-Market,Net 30,20000
CUST0348,Umbra Holdings,Africa,South Africa,Cape Town,SME,Net 60,5000
CUST0349,Orion Industries,UK,Scotland,Glasgow,Mid-Market,Net 30,100000
CUST0350,Harbor Industries,UK,Scotland,Glasgow,SME,Net 30,50000
CUST0351,Orion Logistics,UK,England,Leeds,Mid-Market,Net 30,250000
CUST0352,Xenon Industries,Europe,France,Paris,SME,Net 45,50000
CUST0353,Harbor Group,Europe,Netherlands,Amsterdam,SME,Net 30,20000
CUST0354,Pioneer Group,Europe,Germany,Berlin,SME,Net 15,20000
CUST0355,River Supplies,Europe,Netherlands,Amsterdam,Enterprise,Net 30,10000
CUST0356,Terra Partners,Africa,Nigeria,Lagos,SME,Net 30,20000
CUST0357,Terra Industries,Europe,Netherlands,Amsterdam,Mid-Market,Net 30,100000
CUST0358,Orion Trading,Africa,Nigeria,Lagos,Mid-Market,Net 45,5000
CUST0359,Xenon Logistics,Europe,Spain,Madrid,Mid-Market,Net 30,50000
CUST0360,Alpha Supplies,UK,England,London,SME,Net 30,10000
CUST0361,Delta Industries,UK,England,Leeds,Mid-Market,Net 60,250000
CUST0362,Orion Industries,Africa,South Africa,Cape Town,Mid-Market,Net 30,50000
CUST0363,Xenon Trading,UK,England,London,SME,Net 45,250000
CUST0364,Harbor Group,Africa,Nigeria,Lagos,SME,Net 30,20000
CUST0365,Nova Holdings,Africa,Nigeria,Lagos,SME,Net 45,50000
CUST0366,Aspen Supplies,Africa,South Africa,Cape Town,SME,Net 30,100000
CUST0367,Beta Industries,UK,England,London,Mid-Market,Net 45,10000
CUST0368,Nova Supplies,Africa,South Africa,Johannesburg,SME,Net 30,100000
CUST0369,Cedar Logistics,Europe,Netherlands,Amsterdam,Mid-Market,Net 15,20000
CUST0370,Willow Partners,Europe,France,Paris,Enterprise,Net 30,100000
CUST0371,Delta Industries,Africa,South Africa,Cape Town,Mid-Market,Net 15,5000
CUST0372,Maple Holdings,Europe,Netherlands,Amsterdam,Mid-Market,Net 45,50000
CUST0373,Beta Group,Europe,Spain,Madrid,Mid-Market,Net 30,100000
CUST0374,Nova Enterprises,UK,England,London,Mid-Market,Net 30,5000
CUST0375,Delta Enterprises,Europe,Italy,Rome,Mid-Market,Net 30,20000
CUST0376,Umbra Group,Africa,Kenya,Nairobi,SME,Net 30,10000
CUST0377,Delta Industries,Africa,Kenya,Nairobi,SME,Net 45,250000
CUST0378,Quantum Holdings,UK,England,Birmingham,SME,Net 45,100000
CUST0379,Epsilon Partners,Europe,Italy,Rome,Enterprise,Net 45,20000
CUST0380,Terra Solutions,UK,England,Manchester,Mid-Market,Net 30,10000
CUST0381,Nova Enterprises,Europe,Germany,Berlin,Enterprise,Net 30,5000
CUST0382,Xenon Group,Europe,Germany,Berlin,Mid-Market,Net 45,20000
CUST0383,Umbra Trading,UK,England,Manchester,Enterprise,Net 15,20000
CUST0384,Orion Retailers,UK,England,Manchester,SME,Net 30,100000
CUST0385,Xenon Solutions,Europe,Netherlands,Amsterdam,SME,Net 45,100000
CUST0386,Xenon Industries,UK,England,Birmingham,SME,Net 30,100000
CUST0387,Nova Trading,Africa,Nigeria,Abuja,SME,Net 45,10000
CUST0388,Willow Logistics,Europe,Germany,Berlin,SME,Net 30,20000
CUST0389,Radiant Logistics,Europe,Spain,Madrid,Mid-Market,Net 30,50000
CUST0390,Quantum Industries,UK,England,Birmingham,SME,Net 30,50000
CUST0391,Terra Retailers,Africa,South Africa,Cape Town,SME,Net 60,50000
CUST0392,Delta Enterprises,Europe,Spain,Madrid,Enterprise,Net 30,10000
CUST0393,Nova Group,UK,England,Leeds,SME,Net 45,50000
CUST0394,Alpha Enterprises,Africa,South Africa,Cape Town,SME,Net 45,50000
CUST0395,Pioneer Group,Africa,South Africa,Johannesburg,Mid-Market,Net 30,20000
CUST0396,Maple Holdings,Africa,South Africa,Cape Town,Mid-Market,Net 45,10000
CUST0397,Quantum Logistics,Africa,Nigeria,Abuja,SME,Net 30,20000
CUST0398,Umbra Holdings,Europe,Italy,Rome,Enterprise,Net 15,10000
CUST0399,Summit Industries,UK,Scotland,Glasgow,Mid-Market,Net 45,20000
CUST0400,Pioneer Supplies,UK,England,Birmingham,SME,Net 30,5000
CUST0401,Delta Supplies,Africa,Nigeria,Lagos,Enterprise,Net 30,50000
CUST0402,Terra Trading,UK,Scotland,Glasgow,SME,Net 15,10000
CUST0403,Maple Partners,Europe,Germany,Berlin,Mid-Market,Net 45,100000
CUST0404,River Solutions,Africa,Kenya,Nairobi,SME,Net 30,250000
CUST0405,Summit Industries,UK,England,Manchester,SME,Net 30,50000
CUST0406,Umbra Industries,Europe,Germany,Berlin,Enterprise,Net 15,50000
CUST0407,Nova Group,Africa,South Africa,Cape Town,SME,Net 45,5000
CUST0408,Cedar Solutions,UK,England,Manchester,SME,Net 45,250000
CUST0409,Xenon Retailers,Europe,France,Paris,Enterprise,Net 60,10000
CUST0410,Nova Supplies,Europe,France,Paris,SME,Net 30,10000
CUST0411,Summit Partners,UK,England,Manchester,SME,Net 30,250000
CUST0412,Aspen Group,Africa,Nigeria,Abuja,Mid-Market,Net 45,10000
CUST0413,Alpha Solutions,Africa,South Africa,Cape Town,SME,Net 30,10000
CUST0414,Willow Industries,UK,England,Manchester,SME,Net 30,5000
CUST0415,Epsilon Partners,UK,England,Leeds,Mid-Market,Net 30,20000
CUST0416,Xenon Supplies,UK,England,Birmingham,SME,Net 30,10000
CUST0417,Aspen Holdings,Africa,Kenya,Nairobi,Mid-Market,Net 30,20000
CUST0418,Umbra Trading,UK,England,London,Enterprise,Net 45,10000
CUST0419,Vertex Trading,Africa,Nigeria,Lagos,SME,Net 30,10000
CUST0420,Alpha Retailers,Africa,Nigeria,Abuja,Enterprise,Net 15,100000
CUST0421,Summit Partners,Europe,Spain,Madrid,SME,Net 15,50000
CUST0422,Nova Supplies,Africa,Kenya,Nairobi,SME,Net 30,10000
CUST0423,Terra Group,Africa,South Africa,Johannesburg,Enterprise,Net 45,5000
CUST0424,Alpha Partners,Africa,Kenya,Nairobi,SME,Net 30,10000
CUST0425,Willow Holdings,UK,Scotland,Glasgow,Enterprise,Net 45,20000
CUST0426,River Solutions,Europe,Germany,Berlin,Enterprise,Net 30,5000
CUST0427,Terra Partners,Europe,Germany,Berlin,SME,Net 30,50000
CUST0428,Xenon Holdings,UK,Scotland,Glasgow,SME,Net 30,10000
CUST0429,Vertex Supplies,Africa,South Africa,Johannesburg,SME,Net 15,10000
CUST0430,Quantum Trading,UK,England,London,Enterprise,Net 60,50000
CUST0431,Delta Trading,UK,England,Manchester,Mid-Market,Net 30,10000
CUST0432,Aspen Enterprises,Europe,Italy,Rome,Enterprise,Net 30,20000
CUST0433,Vertex Group,Europe,Italy,Rome,Enterprise,Net 15,20000
CUST0434,Nova Industries,Africa,Nigeria,Abuja,SME,Net 30,50000
CUST0435,Pioneer Solutions,UK,Scotland,Glasgow,SME,Net 45,20000
CUST0436,River Supplies,Africa,Nigeria,Lagos,Mid-Market,Net 45,100000
CUST0437,Quantum Supplies,Europe,Spain,Madrid,SME,Net 45,20000
CUST0438,Beta Logistics,Africa,Nigeria,Lagos,Enterprise,Net 45,250000
CUST0439,Vertex Group,Europe,France,Paris,Mid-Market,Net 15,100000
CUST0440,Terra Solutions,UK,England,Manchester,SME,Net 15,10000
CUST0441,Nova Retailers,Africa,South Africa,Cape Town,SME,Net 45,50000
CUST0442,Xenon Group,Africa,Nigeria,Lagos,Mid-Market,Net 30,20000
CUST0443,Alpha Solutions,Africa,Nigeria,Abuja,SME,Net 45,20000
CUST0444,Epsilon Holdings,UK,England,London,SME,Net 30,100000
CUST0445,Delta Industries,Europe,Germany,Berlin,SME,Net 30,10000
CUST0446,Xenon Trading,Europe,Germany,Berlin,Mid-Market,Net 60,20000
CUST0447,Epsilon Supplies,Europe,France,Paris,SME,Net 45,50000
CUST0448,Epsilon Solutions,Africa,Nigeria,Abuja,Mid-Market,Net 45,20000
CUST0449,Cedar Holdings,Europe,Spain,Madrid,Mid-Market,Net 30,50000
CUST0450,Delta Trading,UK,England,Manchester,Mid-Market,Net 15,5000
CUST0451,Summit Holdings,Africa,South Africa,Cape Town,Mid-Market,Net 45,20000
CUST0452,Harbor Holdings,Africa,Kenya,Nairobi,SME,Net 30,50000
CUST0453,River Industries,Africa,Nigeria,Abuja,SME,Net 30,20000
CUST0454,Terra Enterprises,Africa,South Africa,Johannesburg,Mid-Market,Net 45,20000
CUST0455,Terra Industries,Africa,South Africa,Cape Town,SME,Net 60,10000
CUST0456,Beta Retailers,Africa,South Africa,Cape Town,Mid-Market,Net 45,20000
CUST0457,Terra Solutions,UK,Scotland,Glasgow,SME,Net 15,50000
CUST0458,Summit Retailers,UK,England,Birmingham,Mid-Market,Net 30,10000
CUST0459,Cedar Solutions,Europe,Spain,Madrid,Enterprise,Net 30,50000
CUST0460,Maple Group,UK,England,London,SME,Net 15,10000
CUST0461,Harbor Holdings,UK,England,Birmingham,Mid-Market,Net 45,10000
CUST0462,Aspen Trading,Europe,Netherlands,Amsterdam,SME,Net 45,50000
CUST0463,Orion Group,UK,England,London,SME,Net 45,10000
CUST0464,Orion Logistics,UK,England,Leeds,SME,Net 30,20000
CUST0465,Umbra Industries,Africa,South Africa,Cape Town,SME,Net 30,20000
CUST0466,Willow Retailers,Europe,Netherlands,Amsterdam,SME,Net 30,50000
CUST0467,Epsilon Enterprises,Europe,Germany,Berlin,SME,Net 15,50000
CUST0468,Delta Group,Africa,South Africa,Johannesburg,Mid-Market,Net 30,50000
CUST0469,Terra Logistics,UK,England,Birmingham,Mid-Market,Net 30,10000
CUST0470,Orion Trading,UK,England,London,SME,Net 60,20000
CUST0471,Xenon Industries,UK,England,Manchester,SME,Net 60,50000
CUST0472,Epsilon Enterprises,Europe,Germany,Berlin,SME,Net 30,100000
CUST0473,Delta Retailers,Europe,Spain,Madrid,Mid-Market,Net 60,5000
CUST0474,Maple Logistics,Europe,France,Paris,SME,Net 30,50000
CUST0475,Orion Partners,Europe,Italy,Rome,SME,Net 45,50000
CUST0476,Harbor Trading,UK,England,Manchester,Mid-Market,Net 30,50000
CUST0477,Beta Retailers,Africa,South Africa,Cape Town,Mid-Market,Net 30,50000
CUST0478,Summit Logistics,Africa,Nigeria,Lagos,SME,Net 30,50000
CUST0479,Harbor Supplies,Africa,Nigeria,Lagos,Mid-Market,Net 30,10000
CUST0480,Orion Supplies,UK,England,Leeds,SME,Net 30,5000
CUST0481,Aspen Supplies,Europe,Netherlands,Amsterdam,SME,Net 30,100000
CUST0482,Vertex Enterprises,Europe,Netherlands,Amsterdam,Mid-Market,Net 45,100000
CUST0483,Delta Solutions,UK,England,London,SME,Net 60,100000
CUST0484,Willow Enterprises,UK,England,London,Mid-Market,Net 15,20000
CUST0485,Orion Group,Europe,Netherlands,Amsterdam,SME,Net 30,50000
CUST0486,Alpha Holdings,Africa,Nigeria,Abuja,Mid-Market,Net 45,10000
CUST0487,Xenon Retailers,UK,Scotland,Glasgow,SME,Net 30,5000
CUST0488,Xenon Partners,Europe,Netherlands,Amsterdam,SME,Net 30,100000
CUST0489,Nova Industries,Africa,Nigeria,Lagos,SME,Net 45,5000
CUST0490,Willow Logistics,Europe,Netherlands,Amsterdam,SME,Net 60,50000
CUST0491,Quantum Enterprises,UK,England,London,SME,Net 45,50000
CUST0492,Umbra Retailers,UK,Scotland,Glasgow,SME,Net 45,50000
CUST0493,Maple Enterprises,Africa,Nigeria,Lagos,SME,Net 30,250000
CUST0494,Delta Retailers,Europe,Germany,Berlin,SME,Net 30,10000
CUST0495,Orion Retailers,UK,England,Birmingham,SME,Net 45,5000
CUST0496,Epsilon Industries,Africa,South Africa,Johannesburg,Mid-Market,Net 30,10000
CUST0497,Aspen Partners,UK,England,Manchester,Mid-Market,Net 30,20000
CUST0498,Nova Trading,UK,Scotland,Glasgow,SME,Net 30,50000
CUST0499,Umbra Industries,Africa,Nigeria,Lagos,Mid-Market,Net 60,20000
CUST0500,Epsilon Group,Africa,South Africa,Johannesburg,SME,Net 30,50000
CUST0501,Radiant Trading,Europe,Netherlands,Amsterdam,Enterprise,Net 60,20000
CUST0502,Aspen Trading,UK,England,Birmingham,Mid-Market,Net 45,250000
CUST0503,Epsilon Retailers,Africa,Nigeria,Abuja,SME,Net 15,100000
CUST0504,Willow Supplies,UK,England,Birmingham,SME,Net 45,10000
CUST0505,Umbra Supplies,Europe,France,Paris,Mid-Market,Net 30,50000
CUST0506,Radiant Group,Europe,Italy,Rome,SME,Net 30,5000
CUST0507,Aspen Group,Europe,France,Paris,SME,Net 45,50000
CUST0508,Umbra Industries,Africa,Nigeria,Abuja,Enterprise,Net 60,5000
CUST0509,Umbra Holdings,UK,England,Birmingham,Enterprise,Net 60,5000
CUST0510,River Holdings,Africa,South Africa,Cape Town,SME,Net 60,50000
CUST0511,Quantum Solutions,Europe,France,Paris,SME,Net 30,5000
CUST0512,Pioneer Logistics,Africa,Kenya,Nairobi,Enterprise,Net 30,10000
CUST0513,Delta Holdings,Europe,France,Paris,Mid-Market,Net 60,20000
CUST0514,Pioneer Supplies,Europe,France,Paris,SME,Net 30,100000
CUST0515,Aspen Industries,Europe,Germany,Berlin,SME,Net 30,5000
CUST0516,Alpha Supplies,Africa,Nigeria,Lagos,SME,Net 30,100000
CUST0517,Nova Supplies,Europe,France,Paris,SME,Net 30,100000
CUST0518,Quantum Partners,Europe,Italy,Rome,Mid-Market,Net 30,20000
CUST0519,Quantum Solutions,Europe,Germany,Berlin,SME,Net 30,20000
CUST0520,Terra Group,Africa,Nigeria,Lagos,SME,Net 15,50000
CUST0521,Aspen Industries,Europe,Spain,Madrid,SME,Net 45,20000
CUST0522,Nova Industries,UK,England,Birmingham,SME,Net 30,250000
CUST0523,Epsilon Industries,Europe,Germany,Berlin,SME,Net 30,250000
CUST0524,Orion Holdings,Africa,South Africa,Johannesburg,SME,Net 30,100000
CUST0525,Delta Trading,Africa,South Africa,Cape Town,Mid-Market,Net 30,20000
CUST0526,Pioneer Solutions,Africa,Kenya,Nairobi,SME,Net 30,50000
CUST0527,Harbor Holdings,Europe,France,Paris,SME,Net 45,10000
CUST0528,Epsilon Solutions,Africa,South Africa,Johannesburg,Mid-Market,Net 30,20000
CUST0529,Pioneer Group,Africa,South Africa,Johannesburg,SME,Net 30,5000
CUST0530,Aspen Solutions,Africa,Kenya,Nairobi,SME,Net 60,50000
CUST0531,Quantum Industries,Africa,Nigeria,Lagos,SME,Net 30,100000
CUST0532,Alpha Holdings,Europe,Spain,Madrid,Enterprise,Net 30,50000
CUST0533,Aspen Retailers,Europe,Germany,Berlin,Enterprise,Net 45,50000
CUST0534,Xenon Industries,UK,England,London,SME,Net 30,100000
CUST0535,Willow Retailers,Africa,Nigeria,Lagos,SME,Net 45,50000
CUST0536,Radiant Trading,Europe,Italy,Rome,Enterprise,Net 30,20000
CUST0537,Cedar Solutions,Africa,South Africa,Johannesburg,SME,Net 30,10000
CUST0538,Orion Logistics,UK,England,Manchester,SME,Net 30,20000
CUST0539,Cedar Holdings,Africa,South Africa,Cape Town,SME,Net 30,5000
CUST0540,Aspen Solutions,Africa,South Africa,Cape Town,Mid-Market,Net 30,20000
CUST0541,Epsilon Retailers,Europe,Germany,Berlin,Enterprise,Net 30,50000
CUST0542,Quantum Partners,UK,England,Birmingham,SME,Net 45,10000
CUST0543,Umbra Holdings,UK,Scotland,Glasgow,Mid-Market,Net 45,100000
CUST0544,Orion Group,Europe,Spain,Madrid,SME,Net 45,50000
CUST0545,Nova Enterprises,Africa,Kenya,Nairobi,SME,Net 30,20000
CUST0546,Cedar Industries,UK,Scotland,Glasgow,SME,Net 30,5000
CUST0547,Orion Retailers,Europe,Netherlands,Amsterdam,Mid-Market,Net 30,10000
CUST0548,Pioneer Enterprises,Europe,Netherlands,Amsterdam,Mid-Market,Net 60,50000
CUST0549,Xenon Partners,Africa,Nigeria,Lagos,Enterprise,Net 45,100000
CUST0550,Terra Enterprises,Europe,Germany,Berlin,Mid-Market,Net 30,250000
CUST0551,Aspen Group,Europe,Italy,Rome,Mid-Market,Net 30,100000
CUST0552,Radiant Solutions,Europe,France,Paris,Mid-Market,Net 30,10000
CUST0553,Harbor Logistics,Africa,South Africa,Johannesburg,Mid-Market,Net 45,20000
CUST0554,Maple Retailers,UK,Scotland,Glasgow,SME,Net 30,20000
CUST0555,Orion Trading,UK,England,Birmingham,Mid-Market,Net 30,100000
CUST0556,Summit Industries,UK,England,Leeds,SME,Net 45,50000
CUST0557,Xenon Solutions,UK,England,London,SME,Net 45,5000
CUST0558,Radiant Supplies,UK,Scotland,Glasgow,SME,Net 30,50000
CUST0559,Epsilon Logistics,Africa,Nigeria,Abuja,SME,Net 30,10000
CUST0560,Orion Enterprises,Africa,South Africa,Johannesburg,SME,Net 30,10000
CUST0561,Willow Retailers,Africa,South Africa,Cape Town,SME,Net 30,50000
CUST0562,River Logistics,UK,England,Manchester,Enterprise,Net 30,20000
CUST0563,Maple Supplies,Europe,France,Paris,Mid-Market,Net 30,20000
CUST0564,Aspen Group,Africa,South Africa,Cape Town,Mid-Market,Net 30,20000
CUST0565,Cedar Logistics,UK,England,Birmingham,SME,Net 30,50000
CUST0566,Cedar Industries,Europe,Germany,Berlin,SME,Net 60,50000
CUST0567,Xenon Enterprises,UK,England,Manchester,SME,Net 30,10000
CUST0568,Vertex Partners,UK,England,Birmingham,SME,Net 60,100000
CUST0569,Terra Industries,UK,England,London,SME,Net 30,20000
CUST0570,River Group,UK,England,Leeds,SME,Net 15,5000
CUST0571,Xenon Enterprises,UK,England,Manchester,Mid-Market,Net 45,20000
CUST0572,Terra Partners,Europe,France,Paris,SME,Net 30,100000
CUST0573,Harbor Logistics,UK,England,Manchester,SME,Net 30,5000
CUST0574,Vertex Logistics,Europe,Germany,Berlin,Mid-Market,Net 30,10000
CUST0575,Cedar Holdings,Europe,France,Paris,Mid-Market,Net 60,100000
CUST0576,Alpha Enterprises,Africa,Nigeria,Lagos,SME,Net 30,10000
CUST0577,Cedar Logistics,Africa,Kenya,Nairobi,SME,Net 30,50000
CUST0578,Delta Partners,Africa,South Africa,Johannesburg,Enterprise,Net 60,10000
CUST0579,Terra Partners,Europe,Netherlands,Amsterdam,Mid-Market,Net 30,5000
CUST0580,Beta Logistics,Africa,Nigeria,Lagos,Mid-Market,Net 30,50000
CUST0581,Delta Logistics,Europe,Spain,Madrid,SME,Net 30,10000
CUST0582,Pioneer Supplies,Europe,Spain,Madrid,SME,Net 30,50000
CUST0583,Beta Solutions,Africa,Kenya,Nairobi,Enterprise,Net 30,5000
CUST0584,Maple Industries,Africa,Nigeria,Lagos,SME,Net 30,50000
CUST0585,Quantum Group,Africa,Nigeria,Abuja,Mid-Market,Net 45,20000
CUST0586,Radiant Trading,Africa,South Africa,Johannesburg,Mid-Market,Net 45,100000
CUST0587,Terra Supplies,UK,England,Leeds,SME,Net 45,5000
CUST0588,Radiant Partners,Africa,Nigeria,Abuja,SME,Net 15,100000
CUST0589,Cedar Partners,Europe,Germany,Berlin,SME,Net 30,100000
CUST0590,Orion Solutions,Europe,Spain,Madrid,SME,Net 30,250000
CUST0591,Willow Group,UK,England,Birmingham,SME,Net 30,50000
CUST0592,Orion Logistics,UK,England,Leeds,Mid-Market,Net 45,100000
CUST0593,Harbor Group,Europe,Spain,Madrid,SME,Net 30,50000
CUST0594,Vertex Group,Africa,Nigeria,Lagos,Mid-Market,Net 60,20000
CUST0595,Radiant Holdings,Africa,South Africa,Johannesburg,Enterprise,Net 30,10000
CUST0596,Umbra Retailers,Africa,South Africa,Cape Town,SME,Net 30,10000
CUST0597,Epsilon Industries,UK,Scotland,Glasgow,Mid-Market,Net 15,100000
CUST0598,Epsilon Group,Africa,Nigeria,Abuja,Mid-Market,Net 30,10000
CUST0599,Epsilon Supplies,Europe,Germany,Berlin,SME,Net 45,50000
CUST0600,Radiant Retailers,Africa,Nigeria,Abuja,SME,Net 30,5000
CUST0601,Vertex Supplies,UK,England,Birmingham,SME,Net 60,100000
CUST0602,River Trading,Europe,Spain,Madrid,SME,Net 15,100000
CUST0603,Xenon Industries,Europe,Netherlands,Amsterdam,SME,Net 60,20000
CUST0604,Xenon Group,UK,Scotland,Glasgow,SME,Net 45,20000
CUST0605,Epsilon Solutions,UK,Scotland,Glasgow,Mid-Market,Net 30,10000
CUST0606,Harbor Logistics,UK,England,Birmingham,Mid-Market,Net 30,5000
CUST0607,Pioneer Trading,UK,England,Leeds,SME,Net 60,250000
CUST0608,Xenon Solutions,Europe,Germany,Berlin,SME,Net 30,250000
CUST0609,Aspen Group,Africa,Kenya,Nairobi,Mid-Market,Net 30,20000
CUST0610,Radiant Logistics,UK,England,Manchester,SME,Net 30,20000
CUST0611,Willow Logistics,UK,England,Birmingham,Mid-Market,Net 30,20000
CUST0612,River Retailers,Africa,South Africa,Cape Town,Enterprise,Net 30,10000
CUST0613,Epsilon Holdings,Europe,France,Paris,SME,Net 45,10000
CUST0614,Harbor Enterprises,UK,England,London,SME,Net 15,20000
CUST0615,Beta Supplies,UK,England,Birmingham,SME,Net 45,10000
CUST0616,Beta Holdings,UK,England,London,Mid-Market,Net 30,50000
CUST0617,Alpha Trading,Africa,Kenya,Nairobi,SME,Net 15,5000
CUST0618,Willow Enterprises,Africa,Kenya,Nairobi,SME,Net 30,50000
CUST0619,Quantum Partners,Africa,South Africa,Cape Town,Mid-Market,Net 45,20000
CUST0620,River Solutions,Europe,Germany,Berlin,SME,Net 30,20000
CUST0621,Willow Industries,Africa,South Africa,Johannesburg,Mid-Market,Net 45,50000
CUST0622,Vertex Solutions,UK,Scotland,Glasgow,Mid-Market,Net 30,50000
CUST0623,Alpha Retailers,Europe,Italy,Rome,SME,Net 45,100000
CUST0624,Maple Retailers,Africa,Kenya,Nairobi,Mid-Market,Net 45,10000
CUST0625,Aspen Enterprises,UK,England,Birmingham,Enterprise,Net 45,50000
CUST0626,Harbor Solutions,UK,England,Leeds,SME,Net 30,20000
CUST0627,Maple Industries,UK,England,London,SME,Net 45,50000
CUST0628,Vertex Logistics,UK,England,Manchester,SME,Net 30,100000
CUST0629,Beta Supplies,Africa,South Africa,Cape Town,SME,Net 30,10000
CUST0630,Maple Supplies,UK,Scotland,Glasgow,SME,Net 30,10000
CUST0631,Cedar Supplies,Europe,Netherlands,Amsterdam,SME,Net 30,10000
CUST0632,River Holdings,Africa,Kenya,Nairobi,Mid-Market,Net 30,20000
CUST0633,Beta Partners,UK,England,Manchester,SME,Net 30,10000
CUST0634,Cedar Holdings,Africa,South Africa,Cape Town,Enterprise,Net 60,100000
CUST0635,Maple Group,Africa,Nigeria,Lagos,Enterprise,Net 45,100000
CUST0636,Umbra Logistics,UK,England,Leeds,SME,Net 30,10000
CUST0637,Maple Partners,Africa,Kenya,Nairobi,SME,Net 45,10000
CUST0638,Harbor Supplies,UK,England,London,SME,Net 30,50000
CUST0639,Nova Supplies,Europe,Spain,Madrid,Mid-Market,Net 30,20000
CUST0640,Quantum Holdings,UK,England,Birmingham,SME,Net 30,20000
CUST0641,Epsilon Partners,UK,England,Leeds,SME,Net 30,50000
CUST0642,Vertex Holdings,UK,England,Birmingham,Mid-Market,Net 15,20000
CUST0643,Quantum Retailers,Europe,France,Paris,SME,Net 30,100000
CUST0644,Quantum Enterprises,UK,England,Leeds,SME,Net 15,10000
CUST0645,Orion Retailers,UK,England,Leeds,SME,Net 60,20000
CUST0646,Pioneer Supplies,Europe,Spain,Madrid,Enterprise,Net 30,20000
CUST0647,Vertex Holdings,UK,England,Manchester,Mid-Market,Net 30,100000
CUST0648,Maple Trading,Africa,Kenya,Nairobi,Mid-Market,Net 30,5000
CUST0649,Alpha Supplies,Africa,South Africa,Johannesburg,Enterprise,Net 30,20000
CUST0650,Terra Logistics,UK,Scotland,Glasgow,SME,Net 30,20000
CUST0651,Xenon Solutions,Africa,Nigeria,Lagos,SME,Net 45,5000
CUST0652,Terra Retailers,UK,England,Leeds,SME,Net 30,100000
CUST0653,Maple Holdings,Europe,Netherlands,Amsterdam,SME,Net 30,50000
CUST0654,Xenon Enterprises,UK,England,London,Enterprise,Net 45,10000
CUST0655,Alpha Enterprises,Europe,Spain,Madrid,SME,Net 30,50000
CUST0656,Vertex Solutions,Europe,Spain,Madrid,Enterprise,Net 30,20000
CUST0657,Nova Holdings,Africa,South Africa,Johannesburg,SME,Net 45,10000
CUST0658,Xenon Partners,UK,England,Birmingham,Mid-Market,Net 30,20000
CUST0659,Radiant Holdings,UK,England,London,Mid-Market,Net 30,5000
CUST0660,Terra Industries,Africa,South Africa,Cape Town,SME,Net 45,50000
CUST0661,Epsilon Solutions,Europe,Spain,Madrid,Enterprise,Net 45,50000
CUST0662,Nova Retailers,Europe,Germany,Berlin,SME,Net 30,50000
CUST0663,Terra Solutions,Africa,South Africa,Cape Town,SME,Net 45,50000
CUST0664,Summit Holdings,Europe,Italy,Rome,SME,Net 60,10000
CUST0665,Harbor Trading,UK,Scotland,Glasgow,SME,Net 30,5000
CUST0666,Cedar Industries,UK,England,Manchester,Mid-Market,Net 45,20000
CUST0667,Quantum Group,Africa,Kenya,Nairobi,SME,Net 60,100000
CUST0668,Cedar Group,Europe,Netherlands,Amsterdam,Mid-Market,Net 60,100000
CUST0669,Radiant Enterprises,Africa,Kenya,Nairobi,SME,Net 30,10000
CUST0670,Delta Solutions,Africa,South Africa,Cape Town,Enterprise,Net 30,20000
CUST0671,Cedar Industries,UK,England,London,SME,Net 30,20000
CUST0672,Umbra Supplies,Africa,Nigeria,Lagos,SME,Net 30,10000
CUST0673,Harbor Solutions,UK,England,Birmingham,SME,Net 45,5000
CUST0674,River Trading,Africa,Kenya,Nairobi,SME,Net 30,10000
CUST0675,Harbor Retailers,Europe,Netherlands,Amsterdam,Mid-Market,Net 45,50000
CUST0676,Beta Group,Africa,South Africa,Johannesburg,SME,Net 45,50000
CUST0677,Terra Solutions,UK,England,London,Mid-Market,Net 30,10000
CUST0678,Epsilon Solutions,Europe,France,Paris,Mid-Market,Net 45,20000
CUST0679,Alpha Solutions,Africa,Nigeria,Abuja,SME,Net 45,50000
CUST0680,Beta Enterprises,Europe,Italy,Rome,SME,Net 60,20000
CUST0681,Nova Retailers,Africa,South Africa,Johannesburg,Mid-Market,Net 30,10000
CUST0682,Maple Partners,Africa,Nigeria,Abuja,Enterprise,Net 45,20000
CUST0683,Radiant Logistics,UK,England,Birmingham,SME,Net 30,10000
CUST0684,Epsilon Retailers,UK,England,London,SME,Net 45,100000
CUST0685,Aspen Supplies,UK,England,Manchester,SME,Net 30,50000
CUST0686,Nova Logistics,UK,England,Manchester,Mid-Market,Net 45,250000
CUST0687,Harbor Logistics,Africa,Kenya,Nairobi,SME,Net 45,20000
CUST0688,Quantum Retailers,UK,England,Leeds,SME,Net 60,5000
CUST0689,Delta Enterprises,Europe,Spain,Madrid,SME,Net 60,100000
CUST0690,Cedar Enterprises,Europe,Italy,Rome,SME,Net 45,50000
CUST0691,Beta Partners,Europe,Netherlands,Amsterdam,SME,Net 60,10000
CUST0692,Vertex Trading,Europe,France,Paris,SME,Net 45,5000
CUST0693,Epsilon Retailers,Africa,Kenya,Nairobi,SME,Net 30,100000
CUST0694,Harbor Trading,Europe,Germany,Berlin,Mid-Market,Net 15,10000
CUST0695,Aspen Logistics,Europe,France,Paris,Enterprise,Net 30,20000
CUST0696,Willow Group,Africa,South Africa,Cape Town,SME,Net 45,20000
CUST0697,Nova Logistics,UK,England,Birmingham,SME,Net 30,250000
CUST0698,Cedar Holdings,Europe,Germany,Berlin,SME,Net 45,5000
CUST0699,Umbra Logistics,Africa,Nigeria,Lagos,Mid-Market,Net 30,10000
CUST0700,Aspen Solutions,Europe,France,Paris,SME,Net 45,50000
CUST0701,Willow Group,Africa,Nigeria,Lagos,SME,Net 45,20000
CUST0702,Orion Holdings,Africa,Nigeria,Abuja,SME,Net 30,10000
CUST0703,Summit Partners,Africa,Kenya,Nairobi,Enterprise,Net 15,100000
CUST0704,Terra Industries,Europe,Germany,Berlin,Enterprise,Net 30,250000
CUST0705,Maple Solutions,Europe,Germany,Berlin,SME,Net 30,250000
CUST0706,Cedar Retailers,Europe,Netherlands,Amsterdam,SME,Net 60,5000
CUST0707,Radiant Logistics,Europe,France,Paris,SME,Net 30,100000
CUST0708,Harbor Retailers,UK,England,London,Enterprise,Net 30,20000
CUST0709,Nova Enterprises,Europe,Italy,Rome,Mid-Market,Net 45,10000
CUST0710,Harbor Retailers,UK,England,Leeds,Mid-Market,Net 30,250000
CUST0711,Cedar Enterprises,Europe,Italy,Rome,Mid-Market,Net 30,10000
CUST0712,Radiant Solutions,Europe,Germany,Berlin,SME,Net 45,100000
CUST0713,Nova Trading,Europe,Netherlands,Amsterdam,SME,Net 30,20000
CUST0714,Xenon Solutions,UK,England,Leeds,SME,Net 60,20000
CUST0715,River Industries,Africa,Nigeria,Abuja,Enterprise,Net 30,50000
CUST0716,Umbra Supplies,UK,England,Leeds,Enterprise,Net 30,10000
CUST0717,Maple Industries,Africa,Kenya,Nairobi,SME,Net 60,20000
CUST0718,Beta Retailers,Africa,Kenya,Nairobi,SME,Net 30,20000
CUST0719,Alpha Supplies,Africa,Nigeria,Lagos,Enterprise,Net 30,10000
CUST0720,Beta Trading,Europe,Germany,Berlin,Mid-Market,Net 30,250000
CUST0721,River Trading,Europe,Netherlands,Amsterdam,Mid-Market,Net 45,20000
CUST0722,Maple Holdings,UK,England,London,Mid-Market,Net 15,20000
CUST0723,Willow Trading,Europe,Germany,Berlin,Mid-Market,Net 30,10000
CUST0724,Maple Partners,UK,England,London,SME,Net 30,50000
CUST0725,Quantum Supplies,Europe,France,Paris,SME,Net 30,50000
CUST0726,Maple Partners,UK,England,London,SME,Net 15,20000
CUST0727,Cedar Industries,UK,England,Leeds,SME,Net 30,20000
CUST0728,Willow Trading,Europe,Netherlands,Amsterdam,Mid-Market,Net 60,20000
CUST0729,Alpha Partners,Europe,Netherlands,Amsterdam,SME,Net 30,50000
CUST0730,Aspen Holdings,Africa,South Africa,Cape Town,SME,Net 30,5000
CUST0731,Aspen Trading,Africa,Nigeria,Abuja,SME,Net 30,5000
CUST0732,Maple Partners,UK,Scotland,Glasgow,Mid-Market,Net 30,50000
CUST0733,Pioneer Enterprises,Africa,South Africa,Cape Town,SME,Net 30,10000
CUST0734,Harbor Enterprises,UK,England,Birmingham,SME,Net 30,20000
CUST0735,Alpha Supplies,Europe,France,Paris,SME,Net 60,10000
CUST0736,Pioneer Holdings,UK,England,London,SME,Net 30,5000
CUST0737,Pioneer Industries,UK,England,Leeds,Mid-Market,Net 45,100000
CUST0738,Delta Holdings,Europe,Germany,Berlin,Enterprise,Net 60,10000
CUST0739,Maple Trading,Europe,Germany,Berlin,Mid-Market,Net 45,20000
CUST0740,Cedar Industries,UK,England,London,Mid-Market,Net 15,10000
CUST0741,Vertex Logistics,Africa,South Africa,Johannesburg,Enterprise,Net 30,20000
CUST0742,Delta Logistics,Europe,Netherlands,Amsterdam,SME,Net 30,20000
CUST0743,River Group,Africa,South Africa,Cape Town,SME,Net 30,10000
CUST0744,Willow Holdings,Europe,Netherlands,Amsterdam,Mid-Market,Net 30,250000
CUST0745,Orion Solutions,Europe,Italy,Rome,Enterprise,Net 30,250000
CUST0746,Xenon Retailers,Africa,Kenya,Nairobi,SME,Net 45,20000
CUST0747,Beta Group,Europe,Netherlands,Amsterdam,Enterprise,Net 45,20000
CUST0748,Delta Enterprises,Europe,Spain,Madrid,SME,Net 30,50000
CUST0749,Summit Trading,Europe,Italy,Rome,SME,Net 30,100000
CUST0750,Cedar Industries,Africa,Nigeria,Lagos,SME,Net 45,20000
CUST0751,Orion Enterprises,Europe,Netherlands,Amsterdam,SME,Net 30,50000
CUST0752,Xenon Solutions,UK,Scotland,Glasgow,SME,Net 30,50000
CUST0753,Terra Supplies,Europe,Italy,Rome,Mid-Market,Net 30,10000
CUST0754,Aspen Group,UK,England,Manchester,SME,Net 15,20000
CUST0755,Nova Logistics,UK,Scotland,Glasgow,SME,Net 30,250000
CUST0756,Aspen Trading,UK,England,Leeds,Mid-Market,Net 30,100000
CUST0757,Maple Industries,UK,England,Leeds,SME,Net 60,5000
CUST0758,Pioneer Logistics,Africa,Nigeria,Abuja,Mid-Market,Net 30,50000
CUST0759,Beta Partners,UK,England,London,Mid-Market,Net 30,10000
CUST0760,Orion Trading,Europe,Italy,Rome,Mid-Market,Net 60,50000
CUST0761,Quantum Enterprises,Europe,Spain,Madrid,SME,Net 30,100000
CUST0762,Maple Trading,UK,England,Manchester,Enterprise,Net 30,20000
CUST0763,Alpha Holdings,UK,England,Leeds,SME,Net 30,10000
CUST0764,Epsilon Holdings,Europe,France,Paris,Mid-Market,Net 45,20000
CUST0765,Radiant Group,Europe,France,Paris,SME,Net 30,50000
CUST0766,Maple Holdings,UK,England,London,SME,Net 30,10000
CUST0767,Aspen Supplies,Africa,Kenya,Nairobi,SME,Net 45,20000
CUST0768,Radiant Holdings,UK,England,Leeds,Mid-Market,Net 30,100000
CUST0769,River Partners,Africa,South Africa,Cape Town,SME,Net 30,20000
CUST0770,Orion Partners,UK,England,Leeds,SME,Net 45,20000
CUST0771,Terra Enterprises,Europe,Spain,Madrid,Mid-Market,Net 60,50000
CUST0772,Delta Retailers,UK,Scotland,Glasgow,SME,Net 30,10000
CUST0773,Maple Enterprises,UK,England,Birmingham,SME,Net 45,5000
CUST0774,Orion Retailers,UK,England,Birmingham,Enterprise,Net 30,20000
CUST0775,Vertex Partners,Europe,Netherlands,Amsterdam,Mid-Market,Net 45,5000
CUST0776,Vertex Group,UK,England,London,SME,Net 45,100000
CUST0777,Vertex Industries,Africa,South Africa,Cape Town,Mid-Market,Net 30,100000
CUST0778,River Industries,Africa,Nigeria,Lagos,SME,Net 45,20000
CUST0779,Pioneer Logistics,Europe,Italy,Rome,SME,Net 30,10000
CUST0780,Beta Partners,Europe,Germany,Berlin,Enterprise,Net 45,50000
CUST0781,Terra Group,Africa,South Africa,Johannesburg,Mid-Market,Net 45,100000
CUST0782,Umbra Partners,Africa,South Africa,Cape Town,SME,Net 30,20000
CUST0783,Beta Industries,Africa,Nigeria,Lagos,Mid-Market,Net 30,20000
CUST0784,Beta Solutions,Africa,Nigeria,Lagos,Mid-Market,Net 30,10000
CUST0785,Beta Trading,Africa,Nigeria,Abuja,SME,Net 15,20000
CUST0786,Cedar Partners,Africa,South Africa,Johannesburg,SME,Net 30,5000
CUST0787,Terra Holdings,Europe,Netherlands,Amsterdam,Mid-Market,Net 30,50000
CUST0788,Willow Partners,UK,England,Manchester,Enterprise,Net 30,5000
CUST0789,Pioneer Trading,UK,England,London,Enterprise,Net 30,50000
CUST0790,Xenon Partners,Europe,Spain,Madrid,SME,Net 15,20000
CUST0791,Aspen Partners,UK,England,Manchester,Mid-Market,Net 45,100000
CUST0792,Harbor Industries,Europe,Netherlands,Amsterdam,Mid-Market,Net 15,50000
CUST0793,Alpha Holdings,UK,Scotland,Glasgow,SME,Net 30,10000
CUST0794,Xenon Enterprises,Europe,France,Paris,SME,Net 30,10000
CUST0795,Vertex Supplies,Europe,France,Paris,Mid-Market,Net 30,100000
CUST0796,Beta Supplies,UK,England,Manchester,SME,Net 60,100000
CUST0797,Pioneer Holdings,UK,England,Leeds,Mid-Market,Net 45,20000
CUST0798,Alpha Supplies,UK,England,Birmingham,SME,Net 30,20000
CUST0799,Pioneer Industries,Europe,Netherlands,Amsterdam,SME,Net 60,100000
CUST0800,Epsilon Holdings,Africa,Kenya,Nairobi,SME,Net 15,20000
CUST0801,Beta Industries,Africa,Nigeria,Lagos,SME,Net 30,20000
CUST0802,Willow Enterprises,Africa,Kenya,Nairobi,SME,Net 30,100000
CUST0803,Radiant Retailers,Europe,Italy,Rome,SME,Net 30,100000
CUST0804,Xenon Partners,UK,Scotland,Glasgow,SME,Net 30,50000
CUST0805,River Group,Africa,South Africa,Cape Town,SME,Net 30,50000
CUST0806,Terra Holdings,Europe,Italy,Rome,SME,Net 15,20000
CUST0807,Epsilon Supplies,Europe,Spain,Madrid,SME,Net 30,10000
CUST0808,Willow Industries,Europe,Spain,Madrid,SME,Net 45,10000
CUST0809,Terra Trading,Europe,France,Paris,SME,Net 45,10000
CUST0810,Alpha Enterprises,Africa,Nigeria,Lagos,SME,Net 45,50000
CUST0811,Harbor Supplies,Europe,France,Paris,SME,Net 30,100000
CUST0812,Radiant Supplies,Europe,Italy,Rome,Enterprise,Net 30,50000
CUST0813,Harbor Partners,Africa,Kenya,Nairobi,Enterprise,Net 30,100000
CUST0814,River Industries,Europe,France,Paris,SME,Net 30,50000
CUST0815,Xenon Logistics,UK,Scotland,Glasgow,Enterprise,Net 30,100000
CUST0816,Radiant Solutions,Europe,Netherlands,Amsterdam,Mid-Market,Net 30,20000
CUST0817,Aspen Industries,Africa,Kenya,Nairobi,SME,Net 45,20000
CUST0818,Willow Retailers,UK,England,Leeds,Mid-Market,Net 45,50000
CUST0819,Epsilon Supplies,UK,England,London,Mid-Market,Net 30,10000
CUST0820,Alpha Industries,UK,England,Leeds,SME,Net 30,10000
CUST0821,Orion Logistics,Africa,South Africa,Cape Town,SME,Net 30,20000
CUST0822,Alpha Partners,UK,England,Manchester,SME,Net 30,20000
CUST0823,Willow Industries,Africa,Nigeria,Lagos,SME,Net 30,10000
CUST0824,Nova Logistics,UK,England,Leeds,SME,Net 30,50000
CUST0825,Willow Enterprises,Europe,France,Paris,Mid-Market,Net 15,5000
CUST0826,Harbor Partners,Africa,Nigeria,Lagos,Mid-Market,Net 30,50000
CUST0827,Epsilon Solutions,UK,England,Birmingham,Mid-Market,Net 30,10000
CUST0828,Summit Holdings,UK,England,Leeds,Mid-Market,Net 30,100000
CUST0829,Cedar Industries,Europe,France,Paris,SME,Net 30,5000
CUST0830,Aspen Partners,Europe,Germany,Berlin,Mid-Market,Net 45,5000
CUST0831,Nova Logistics,Europe,France,Paris,Enterprise,Net 15,5000
CUST0832,Willow Enterprises,Europe,France,Paris,SME,Net 45,50000
CUST0833,Nova Trading,UK,England,Manchester,SME,Net 30,10000
CUST0834,Terra Partners,Africa,Nigeria,Lagos,SME,Net 15,100000
CUST0835,River Supplies,Africa,South Africa,Johannesburg,Mid-Market,Net 45,100000
CUST0836,Harbor Group,UK,Scotland,Glasgow,SME,Net 30,100000
CUST0837,Maple Supplies,Europe,France,Paris,SME,Net 45,100000
CUST0838,Delta Logistics,Africa,Nigeria,Abuja,SME,Net 45,20000
CUST0839,Orion Holdings,Europe,Germany,Berlin,Mid-Market,Net 30,20000
CUST0840,Willow Trading,Europe,Germany,Berlin,SME,Net 15,10000
CUST0841,Pioneer Holdings,UK,England,Birmingham,SME,Net 30,10000
CUST0842,Orion Trading,Europe,Germany,Berlin,SME,Net 30,50000
CUST0843,Quantum Holdings,Africa,South Africa,Johannesburg,SME,Net 30,5000
CUST0844,Vertex Holdings,Europe,Spain,Madrid,Mid-Market,Net 30,50000
CUST0845,Alpha Logistics,Africa,South Africa,Johannesburg,Mid-Market,Net 45,100000
CUST0846,Harbor Logistics,UK,England,Birmingham,Mid-Market,Net 30,10000
CUST0847,Beta Solutions,UK,Scotland,Glasgow,Enterprise,Net 45,100000
CUST0848,Cedar Group,Africa,South Africa,Johannesburg,Enterprise,Net 30,20000
CUST0849,Willow Trading,Europe,France,Paris,Mid-Market,Net 30,50000
CUST0850,Nova Trading,Africa,Nigeria,Lagos,Enterprise,Net 45,10000
CUST0851,Nova Holdings,Europe,Germany,Berlin,Mid-Market,Net 45,50000
CUST0852,Cedar Enterprises,UK,Scotland,Glasgow,SME,Net 30,100000
CUST0853,Aspen Solutions,Africa,Nigeria,Abuja,SME,Net 60,5000
CUST0854,Terra Industries,Africa,South Africa,Johannesburg,SME,Net 30,50000
CUST0855,Pioneer Enterprises,UK,England,London,Mid-Market,Net 30,5000
CUST0856,Beta Retailers,UK,England,Manchester,Mid-Market,Net 30,50000
CUST0857,Alpha Logistics,Africa,Kenya,Nairobi,SME,Net 30,10000
CUST0858,Summit Partners,Africa,South Africa,Johannesburg,Enterprise,Net 30,250000
CUST0859,Radiant Logistics,UK,England,Birmingham,SME,Net 30,100000
CUST0860,Aspen Trading,UK,England,London,Mid-Market,Net 45,20000
CUST0861,Terra Group,UK,England,Manchester,Enterprise,Net 15,50000
CUST0862,Umbra Industries,Africa,South Africa,Cape Town,SME,Net 30,20000
CUST0863,Umbra Holdings,Europe,Italy,Rome,SME,Net 45,50000
CUST0864,Maple Enterprises,Africa,Nigeria,Abuja,SME,Net 30,250000
CUST0865,Harbor Supplies,Africa,South Africa,Cape Town,Mid-Market,Net 30,10000
CUST0866,Xenon Retailers,UK,England,Manchester,Mid-Market,Net 30,20000
CUST0867,Summit Holdings,UK,England,Manchester,SME,Net 30,20000
CUST0868,Cedar Industries,Africa,Nigeria,Lagos,SME,Net 60,50000
CUST0869,Quantum Holdings,Africa,Nigeria,Abuja,Mid-Market,Net 30,100000
CUST0870,Willow Enterprises,UK,England,Manchester,Enterprise,Net 45,10000
CUST0871,Aspen Partners,Africa,South Africa,Johannesburg,Mid-Market,Net 45,50000
CUST0872,Willow Group,Europe,France,Paris,SME,Net 30,50000
CUST0873,Maple Supplies,Africa,Kenya,Nairobi,SME,Net 45,10000
CUST0874,Epsilon Industries,Africa,South Africa,Cape Town,SME,Net 30,50000
CUST0875,Quantum Supplies,Europe,France,Paris,Enterprise,Net 30,10000
CUST0876,Epsilon Supplies,UK,England,London,SME,Net 45,100000
CUST0877,Beta Enterprises,Africa,South Africa,Cape Town,SME,Net 30,100000
CUST0878,Summit Enterprises,Africa,Kenya,Nairobi,Enterprise,Net 45,5000
CUST0879,River Enterprises,Europe,Italy,Rome,Mid-Market,Net 30,20000
CUST0880,Epsilon Partners,Europe,Netherlands,Amsterdam,SME,Net 45,20000
CUST0881,Umbra Retailers,UK,England,Manchester,Mid-Market,Net 30,250000
CUST0882,Terra Enterprises,UK,England,Leeds,SME,Net 45,10000
CUST0883,Umbra Industries,UK,England,Manchester,SME,Net 45,50000
CUST0884,Vertex Group,Africa,Kenya,Nairobi,SME,Net 45,20000
CUST0885,Nova Retailers,UK,England,Leeds,SME,Net 30,20000
CUST0886,Terra Trading,Africa,Nigeria,Abuja,Mid-Market,Net 45,10000
CUST0887,Willow Logistics,Europe,Italy,Rome,SME,Net 45,50000
CUST0888,Vertex Logistics,Africa,South Africa,Cape Town,Mid-Market,Net 15,20000
CUST0889,Summit Supplies,Africa,Kenya,Nairobi,SME,Net 30,50000
CUST0890,Umbra Trading,Europe,Spain,Madrid,Mid-Market,Net 60,100000
CUST0891,Cedar Logistics,UK,England,Manchester,SME,Net 30,50000
CUST0892,Radiant Industries,Europe,France,Paris,SME,Net 30,10000
CUST0893,Terra Solutions,Europe,Germany,Berlin,SME,Net 60,50000
CUST0894,Maple Trading,Africa,Nigeria,Abuja,SME,Net 30,50000
CUST0895,Pioneer Logistics,Africa,South Africa,Cape Town,SME,Net 30,50000
CUST0896,Alpha Solutions,Europe,Netherlands,Amsterdam,Mid-Market,Net 15,20000
CUST0897,Pioneer Trading,UK,England,Manchester,SME,Net 30,50000
CUST0898,Nova Trading,UK,England,Leeds,SME,Net 60,5000
CUST0899,Aspen Retailers,Africa,South Africa,Cape Town,SME,Net 30,100000
CUST0900,Delta Trading,Africa,Nigeria,Lagos,SME,Net 45,50000
CUST0901,Epsilon Partners,UK,England,Manchester,Enterprise,Net 30,50000
CUST0902,Nova Enterprises,Europe,Germany,Berlin,SME,Net 60,250000
CUST0903,Beta Logistics,UK,England,Birmingham,SME,Net 30,20000
CUST0904,Epsilon Enterprises,Europe,Germany,Berlin,Mid-Market,Net 30,50000
CUST0905,Nova Solutions,Africa,Nigeria,Lagos,Mid-Market,Net 45,10000
CUST0906,Terra Trading,Europe,Spain,Madrid,SME,Net 30,5000
CUST0907,Umbra Trading,Europe,France,Paris,Mid-Market,Net 30,50000
CUST0908,Cedar Partners,Africa,Nigeria,Lagos,Enterprise,Net 30,50000
CUST0909,Vertex Partners,Europe,Italy,Rome,Mid-Market,Net 45,10000
CUST0910,Harbor Partners,Africa,South Africa,Johannesburg,SME,Net 30,250000
CUST0911,Epsilon Supplies,Africa,South Africa,Cape Town,Mid-Market,Net 60,10000
CUST0912,Beta Group,Africa,South Africa,Johannesburg,SME,Net 45,50000
CUST0913,Maple Group,Europe,France,Paris,Enterprise,Net 30,20000
CUST0914,Maple Group,Europe,Italy,Rome,SME,Net 30,5000
CUST0915,Maple Enterprises,UK,England,Manchester,Mid-Market,Net 30,10000
CUST0916,Quantum Solutions,Europe,Germany,Berlin,SME,Net 30,100000
CUST0917,Harbor Trading,Europe,Germany,Berlin,SME,Net 30,20000
CUST0918,Aspen Trading,Africa,South Africa,Cape Town,Mid-Market,Net 60,5000
CUST0919,Delta Supplies,Africa,Nigeria,Abuja,Mid-Market,Net 45,5000
CUST0920,Nova Enterprises,Europe,Germany,Berlin,Mid-Market,Net 30,50000
CUST0921,Maple Enterprises,Africa,Nigeria,Lagos,Enterprise,Net 30,20000
CUST0922,Alpha Solutions,Africa,Kenya,Nairobi,Mid-Market,Net 45,5000
CUST0923,Epsilon Industries,Africa,Nigeria,Lagos,Enterprise,Net 30,5000
CUST0924,Vertex Solutions,Europe,France,Paris,Mid-Market,Net 30,10000
CUST0925,River Partners,UK,England,London,SME,Net 30,10000
CUST0926,Cedar Solutions,Africa,Nigeria,Abuja,SME,Net 45,20000
CUST0927,Maple Partners,Europe,Netherlands,Amsterdam,SME,Net 30,20000
CUST0928,Delta Retailers,UK,England,London,Mid-Market,Net 30,50000
CUST0929,Willow Holdings,Europe,Spain,Madrid,Enterprise,Net 30,20000
CUST0930,Pioneer Retailers,UK,England,London,Enterprise,Net 60,100000
CUST0931,Radiant Solutions,Africa,South Africa,Cape Town,SME,Net 30,50000
CUST0932,Radiant Partners,Europe,Netherlands,Amsterdam,SME,Net 15,50000
CUST0933,Summit Supplies,Europe,Germany,Berlin,Mid-Market,Net 30,20000
CUST0934,Willow Retailers,Europe,Netherlands,Amsterdam,SME,Net 30,50000
CUST0935,Beta Enterprises,Africa,South Africa,Johannesburg,SME,Net 45,10000
CUST0936,Xenon Holdings,Europe,Spain,Madrid,SME,Net 30,20000
CUST0937,Aspen Trading,Europe,Italy,Rome,Enterprise,Net 30,20000
CUST0938,River Partners,Africa,South Africa,Johannesburg,SME,Net 30,50000
CUST0939,Aspen Supplies,Europe,France,Paris,SME,Net 60,100000
CUST0940,Xenon Solutions,Africa,Nigeria,Abuja,SME,Net 45,10000
CUST0941,Summit Solutions,Europe,Italy,Rome,Enterprise,Net 15,20000
CUST0942,Alpha Group,Europe,Germany,Berlin,SME,Net 60,10000
CUST0943,Willow Partners,UK,England,London,Enterprise,Net 60,50000
CUST0944,Alpha Logistics,Africa,South Africa,Cape Town,SME,Net 45,50000
CUST0945,Maple Industries,Africa,South Africa,Cape Town,Enterprise,Net 45,50000
CUST0946,Harbor Holdings,Europe,Netherlands,Amsterdam,SME,Net 15,20000
CUST0947,Pioneer Logistics,UK,England,Leeds,Enterprise,Net 30,20000
CUST0948,Radiant Trading,UK,Scotland,Glasgow,SME,Net 45,50000
CUST0949,Aspen Logistics,UK,England,Manchester,Mid-Market,Net 45,10000
CUST0950,Vertex Solutions,UK,England,London,SME,Net 15,50000
CUST0951,Xenon Supplies,Europe,Germany,Berlin,Enterprise,Net 45,20000
CUST0952,Cedar Retailers,UK,England,London,Mid-Market,Net 30,250000
CUST0953,Umbra Holdings,UK,England,London,SME,Net 30,100000
CUST0954,Epsilon Industries,Africa,South Africa,Johannesburg,SME,Net 30,20000
CUST0955,Beta Solutions,Europe,Germany,Berlin,SME,Net 30,50000
CUST0956,Beta Supplies,Africa,Nigeria,Lagos,Enterprise,Net 15,20000
CUST0957,Summit Group,UK,England,Manchester,SME,Net 60,50000
CUST0958,Delta Trading,Europe,Netherlands,Amsterdam,Mid-Market,Net 30,50000
CUST0959,Maple Supplies,Europe,Italy,Rome,SME,Net 45,50000
CUST0960,Delta Supplies,Africa,South Africa,Cape Town,Mid-Market,Net 30,50000
CUST0961,Pioneer Holdings,Europe,France,Paris,SME,Net 45,100000
CUST0962,Umbra Group,UK,England,Leeds,SME,Net 15,10000
CUST0963,Quantum Industries,Africa,Kenya,Nairobi,SME,Net 30,10000
CUST0964,Delta Solutions,UK,England,Manchester,SME,Net 30,50000
CUST0965,Beta Partners,Europe,Germany,Berlin,SME,Net 45,20000
CUST0966,Orion Retailers,Europe,France,Paris,SME,Net 45,100000
CUST0967,Radiant Enterprises,UK,England,London,SME,Net 30,50000
CUST0968,Willow Trading,UK,Scotland,Glasgow,SME,Net 30,250000
CUST0969,Epsilon Industries,UK,England,London,SME,Net 45,10000
CUST0970,Vertex Retailers,UK,England,Birmingham,Enterprise,Net 30,100000
CUST0971,Summit Holdings,Europe,Germany,Berlin,SME,Net 45,50000
CUST0972,Quantum Supplies,Africa,Nigeria,Lagos,SME,Net 30,20000
CUST0973,Terra Supplies,UK,England,Manchester,Mid-Market,Net 30,250000
CUST0974,Epsilon Solutions,Africa,Kenya,Nairobi,SME,Net 30,10000
CUST0975,Delta Partners,UK,England,Manchester,SME,Net 45,100000
CUST0976,River Holdings,Africa,South Africa,Johannesburg,Mid-Market,Net 15,10000
CUST0977,Summit Holdings,Europe,Spain,Madrid,Enterprise,Net 15,20000
CUST0978,Aspen Industries,Europe,Netherlands,Amsterdam,SME,Net 45,250000
CUST0979,Cedar Partners,Europe,Spain,Madrid,Enterprise,Net 45,100000
CUST0980,Willow Enterprises,Europe,Spain,Madrid,SME,Net 45,5000
CUST0981,River Enterprises,Africa,Nigeria,Lagos,SME,Net 30,100000
CUST0982,Summit Industries,UK,England,Leeds,SME,Net 30,20000
CUST0983,Pioneer Group,Europe,Germany,Berlin,Mid-Market,Net 45,10000
CUST0984,Xenon Trading,Europe,Italy,Rome,Mid-Market,Net 30,5000
CUST0985,Maple Supplies,Europe,Netherlands,Amsterdam,SME,Net 45,10000
CUST0986,Alpha Solutions,Europe,Spain,Madrid,Mid-Market,Net 30,20000
CUST0987,Delta Holdings,Europe,Spain,Madrid,SME,Net 30,20000
CUST0988,Summit Partners,Europe,France,Paris,SME,Net 30,20000
CUST0989,Aspen Industries,Europe,Germany,Berlin,SME,Net 15,20000
CUST0990,Orion Supplies,Europe,France,Paris,Enterprise,Net 30,10000
CUST0991,Harbor Retailers,Europe,France,Paris,Enterprise,Net 45,20000
CUST0992,Aspen Logistics,UK,England,Manchester,SME,Net 30,50000
CUST0993,Aspen Logistics,Europe,France,Paris,SME,Net 60,50000
CUST0994,Nova Group,UK,England,Leeds,SME,Net 30,250000
CUST0995,Willow Retailers,UK,England,Leeds,SME,Net 30,100000
CUST0996,Cedar Supplies,Europe,Netherlands,Amsterdam,Mid-Market,Net 30,20000
CUST0997,Harbor Trading,Africa,Kenya,Nairobi,SME,Net 45,250000
CUST0998,Summit Partners,Europe,France,Paris,Mid-Market,Net 30,20000
CUST0999,Umbra Trading,Europe,France,Paris,Mid-Market,Net 15,100000
CUST1000,Harbor Partners,UK,England,Birmingham,SME,Net 45,10000
CUST1001,Vertex Industries,Europe,France,Paris,SME,Net 30,50000
CUST1002,Epsilon Industries,Europe,Spain,Madrid,Enterprise,Net 45,20000
CUST1003,Orion Enterprises,Europe,France,Paris,Enterprise,Net 30,10000
CUST1004,Harbor Group,UK,England,Manchester,SME,Net 30,50000
CUST1005,Harbor Group,Europe,France,Paris,SME,Net 30,50000
CUST1006,Vertex Logistics,Europe,Italy,Rome,Mid-Market,Net 45,100000
CUST1007,Nova Enterprises,Europe,Italy,Rome,Mid-Market,Net 30,5000
CUST1008,Terra Trading,Europe,Netherlands,Amsterdam,SME,Net 45,50000
CUST1009,River Retailers,Europe,Spain,Madrid,SME,Net 45,20000
CUST1010,Quantum Holdings,Africa,Nigeria,Abuja,Mid-Market,Net 45,20000
CUST1011,Xenon Holdings,Africa,Nigeria,Abuja,Enterprise,Net 60,100000
CUST1012,Beta Partners,Europe,France,Paris,SME,Net 45,100000
CUST1013,Summit Group,Africa,Nigeria,Lagos,SME,Net 15,20000
CUST1014,Quantum Industries,Europe,Italy,Rome,SME,Net 30,250000
CUST1015,Cedar Logistics,UK,Scotland,Glasgow,Enterprise,Net 30,50000
CUST1016,Terra Group,Africa,Nigeria,Lagos,SME,Net 30,10000
CUST1017,Beta Solutions,UK,Scotland,Glasgow,SME,Net 60,20000
CUST1018,Delta Supplies,UK,England,London,SME,Net 30,10000
CUST1019,Beta Partners,UK,England,London,Enterprise,Net 30,5000
CUST1020,Pioneer Logistics,UK,England,Birmingham,SME,Net 15,100000
CUST1021,Harbor Group,UK,England,Manchester,Mid-Market,Net 45,10000
CUST1022,Aspen Holdings,UK,England,Leeds,Mid-Market,Net 30,50000
CUST1023,Nova Industries,Africa,Kenya,Nairobi,SME,Net 60,10000
CUST1024,Nova Holdings,UK,England,Leeds,Enterprise,Net 30,20000
CUST1025,Orion Supplies,Europe,Germany,Berlin,SME,Net 30,10000
CUST1026,Willow Group,UK,England,Birmingham,Mid-Market,Net 30,20000
CUST1027,Terra Enterprises,Europe,France,Paris,Mid-Market,Net 45,100000
CUST1028,Orion Retailers,Africa,South Africa,Johannesburg,SME,Net 15,50000
CUST1029,Epsilon Solutions,Africa,South Africa,Johannesburg,Enterprise,Net 45,10000
CUST1030,Willow Solutions,UK,England,Leeds,SME,Net 30,250000
CUST1031,Alpha Holdings,UK,England,London,SME,Net 30,10000
CUST1032,Nova Partners,Europe,Netherlands,Amsterdam,Enterprise,Net 30,10000
CUST1033,Radiant Holdings,Europe,Spain,Madrid,Mid-Market,Net 30,20000
CUST1034,Maple Solutions,Europe,Netherlands,Amsterdam,SME,Net 30,10000
CUST1035,Quantum Industries,UK,England,Leeds,Mid-Market,Net 15,10000
CUST1036,Radiant Supplies,UK,Scotland,Glasgow,Mid-Market,Net 45,50000
CUST1037,Alpha Holdings,Africa,Nigeria,Lagos,Enterprise,Net 30,50000
CUST1038,Harbor Group,Africa,Nigeria,Lagos,Mid-Market,Net 60,20000
CUST1039,Epsilon Enterprises,Europe,France,Paris,SME,Net 45,20000
CUST1040,Umbra Enterprises,Europe,Spain,Madrid,Mid-Market,Net 30,50000
CUST1041,Xenon Logistics,Africa,South Africa,Cape Town,SME,Net 30,100000
CUST1042,Aspen Solutions,Africa,Kenya,Nairobi,Mid-Market,Net 60,5000
CUST1043,Xenon Group,Europe,Italy,Rome,SME,Net 45,100000
CUST1044,Terra Solutions,Europe,Italy,Rome,SME,Net 15,5000
CUST1045,Maple Partners,UK,Scotland,Glasgow,SME,Net 30,50000
CUST1046,River Partners,UK,Scotland,Glasgow,SME,Net 30,50000
CUST1047,Xenon Solutions,Africa,South Africa,Johannesburg,SME,Net 60,20000
CUST1048,Epsilon Holdings,Africa,South Africa,Cape Town,Enterprise,Net 45,20000
CUST1049,Radiant Enterprises,Africa,South Africa,Johannesburg,SME,Net 45,50000
CUST1050,Pioneer Retailers,Africa,Nigeria,Lagos,SME,Net 45,50000
CUST1051,Cedar Enterprises,Africa,Kenya,Nairobi,SME,Net 30,10000
CUST1052,Terra Supplies,Africa,South Africa,Cape Town,SME,Net 30,50000
CUST1053,Alpha Trading,UK,England,Birmingham,SME,Net 30,50000
CUST1054,Alpha Logistics,UK,England,Birmingham,SME,Net 30,10000
CUST1055,Terra Logistics,Africa,Nigeria,Abuja,SME,Net 45,100000
CUST1056,River Holdings,UK,England,Leeds,Mid-Market,Net 30,10000
CUST1057,Epsilon Partners,Africa,South Africa,Cape Town,Enterprise,Net 30,100000
CUST1058,Maple Trading,UK,England,Birmingham,Mid-Market,Net 30,100000
CUST1059,Cedar Group,Africa,South Africa,Johannesburg,Enterprise,Net 30,100000
CUST1060,Umbra Solutions,Europe,France,Paris,Mid-Market,Net 15,20000
CUST1061,Radiant Supplies,Africa,Nigeria,Abuja,Mid-Market,Net 45,50000
CUST1062,Pioneer Holdings,Europe,Germany,Berlin,SME,Net 45,20000
CUST1063,Cedar Supplies,UK,England,London,SME,Net 30,10000
CUST1064,Umbra Enterprises,UK,England,London,Mid-Market,Net 15,10000
CUST1065,Pioneer Solutions,UK,England,Manchester,SME,Net 30,20000
CUST1066,Umbra Industries,UK,England,London,Enterprise,Net 30,50000
CUST1067,Nova Holdings,UK,England,Leeds,SME,Net 45,50000
CUST1068,Beta Logistics,Europe,France,Paris,SME,Net 15,20000
CUST1069,Xenon Industries,Africa,Nigeria,Lagos,Mid-Market,Net 30,10000
CUST1070,Pioneer Enterprises,Africa,Nigeria,Abuja,Enterprise,Net 30,250000
CUST1071,Harbor Logistics,Africa,South Africa,Cape Town,Mid-Market,Net 45,250000
CUST1072,Aspen Logistics,UK,England,Birmingham,Mid-Market,Net 45,50000
CUST1073,Vertex Partners,Africa,Kenya,Nairobi,SME,Net 60,5000
CUST1074,Terra Retailers,UK,Scotland,Glasgow,SME,Net 15,50000
CUST1075,Aspen Enterprises,Europe,Netherlands,Amsterdam,Mid-Market,Net 45,10000
CUST1076,Radiant Enterprises,UK,England,London,Enterprise,Net 30,100000
CUST1077,Umbra Enterprises,UK,England,London,SME,Net 45,50000
CUST1078,Cedar Industries,Europe,France,Paris,SME,Net 30,50000
CUST1079,Harbor Group,Africa,Kenya,Nairobi,Mid-Market,Net 45,50000
CUST1080,Beta Holdings,Europe,Spain,Madrid,Enterprise,Net 30,5000
CUST1081,Delta Enterprises,Europe,Spain,Madrid,Mid-Market,Net 60,10000
CUST1082,Cedar Holdings,UK,England,Leeds,SME,Net 45,50000
CUST1083,Radiant Enterprises,UK,England,London,SME,Net 45,5000
CUST1084,Radiant Enterprises,Europe,Italy,Rome,Mid-Market,Net 45,10000
CUST1085,Beta Partners,Africa,South Africa,Johannesburg,Mid-Market,Net 30,10000
CUST1086,Cedar Solutions,UK,England,Birmingham,SME,Net 30,10000
CUST1087,Vertex Group,Europe,Spain,Madrid,Mid-Market,Net 30,50000
CUST1088,Willow Trading,Europe,Italy,Rome,SME,Net 15,20000
CUST1089,Epsilon Enterprises,UK,England,Leeds,Enterprise,Net 30,100000
CUST1090,Summit Enterprises,UK,England,London,Enterprise,Net 30,100000
CUST1091,Alpha Solutions,UK,England,Birmingham,SME,Net 45,100000
CUST1092,Harbor Retailers,Europe,Spain,Madrid,SME,Net 60,50000
CUST1093,Pioneer Solutions,Europe,Netherlands,Amsterdam,Mid-Market,Net 45,10000
CUST1094,Aspen Group,UK,England,Birmingham,SME,Net 45,10000
CUST1095,Radiant Group,Africa,South Africa,Johannesburg,SME,Net 45,20000
CUST1096,Radiant Retailers,Europe,France,Paris,Mid-Market,Net 45,10000
CUST1097,Radiant Supplies,Europe,Italy,Rome,Mid-Market,Net 45,20000
CUST1098,Alpha Trading,Europe,Germany,Berlin,Mid-Market,Net 30,50000
CUST1099,Radiant Enterprises,Africa,Kenya,Nairobi,Enterprise,Net 30,50000
CUST1100,Quantum Retailers,Africa,South Africa,Johannesburg,Mid-Market,Net 15,100000
CUST1101,Aspen Industries,UK,England,Birmingham,SME,Net 60,10000
CUST1102,Beta Group,UK,England,Manchester,SME,Net 60,250000
CUST1103,Xenon Logistics,Europe,Italy,Rome,SME,Net 30,50000
CUST1104,Alpha Solutions,Europe,France,Paris,SME,Net 30,100000
CUST1105,Pioneer Partners,UK,England,Birmingham,SME,Net 60,20000
CUST1106,Maple Supplies,Africa,Nigeria,Lagos,SME,Net 30,10000
CUST1107,Summit Solutions,UK,England,London,SME,Net 30,10000
CUST1108,Radiant Partners,Africa,Kenya,Nairobi,SME,Net 30,20000
CUST1109,Summit Supplies,UK,England,Leeds,SME,Net 30,250000
CUST1110,Nova Retailers,Europe,Spain,Madrid,SME,Net 30,50000
CUST1111,Beta Logistics,Africa,Nigeria,Abuja,Mid-Market,Net 30,10000
CUST1112,Epsilon Retailers,UK,Scotland,Glasgow,SME,Net 60,50000
CUST1113,Summit Holdings,Africa,South Africa,Cape Town,Mid-Market,Net 30,20000
CUST1114,Alpha Logistics,Africa,Nigeria,Lagos,Enterprise,Net 45,50000
CUST1115,Orion Group,UK,England,Manchester,SME,Net 15,100000
CUST1116,Alpha Trading,Europe,France,Paris,SME,Net 45,10000
CUST1117,Alpha Industries,UK,England,Leeds,SME,Net 15,20000
CUST1118,Quantum Trading,Africa,Nigeria,Abuja,SME,Net 30,20000
CUST1119,Alpha Group,Europe,Spain,Madrid,SME,Net 30,50000
CUST1120,Quantum Industries,Europe,Spain,Madrid,Mid-Market,Net 45,10000
CUST1121,Nova Enterprises,Europe,France,Paris,SME,Net 45,20000
CUST1122,Summit Logistics,Africa,South Africa,Cape Town,SME,Net 15,20000
CUST1123,Terra Enterprises,Africa,Kenya,Nairobi,Mid-Market,Net 45,50000
CUST1124,Willow Logistics,Africa,Nigeria,Abuja,SME,Net 30,10000
CUST1125,River Holdings,Africa,Nigeria,Lagos,Enterprise,Net 60,10000
CUST1126,Quantum Logistics,Europe,Germany,Berlin,Enterprise,Net 30,10000
CUST1127,Alpha Solutions,Europe,Italy,Rome,SME,Net 45,250000
CUST1128,Aspen Logistics,UK,England,London,Enterprise,Net 60,10000
CUST1129,Xenon Retailers,Africa,Nigeria,Lagos,SME,Net 15,10000
CUST1130,Cedar Group,UK,England,Birmingham,SME,Net 30,5000
CUST1131,Maple Group,Africa,Nigeria,Lagos,SME,Net 45,5000
CUST1132,River Group,Africa,Nigeria,Lagos,SME,Net 30,10000
CUST1133,Willow Supplies,Africa,South Africa,Johannesburg,Mid-Market,Net 30,10000
CUST1134,Summit Supplies,Europe,Italy,Rome,Mid-Market,Net 45,5000
CUST1135,Delta Solutions,Africa,South Africa,Cape Town,SME,Net 45,100000
CUST1136,Vertex Industries,Europe,Italy,Rome,Enterprise,Net 30,50000
CUST1137,Umbra Solutions,Africa,Nigeria,Abuja,SME,Net 60,10000
CUST1138,Terra Group,Africa,South Africa,Cape Town,Enterprise,Net 30,20000
CUST1139,Willow Supplies,UK,England,Birmingham,SME,Net 15,100000
CUST1140,River Industries,UK,Scotland,Glasgow,Enterprise,Net 30,5000
CUST1141,Harbor Industries,UK,England,Leeds,Enterprise,Net 45,100000
CUST1142,Terra Logistics,Africa,Kenya,Nairobi,SME,Net 30,10000
CUST1143,Epsilon Supplies,UK,England,Manchester,Mid-Market,Net 30,100000
CUST1144,Maple Solutions,Europe,Netherlands,Amsterdam,Enterprise,Net 30,20000
CUST1145,Delta Solutions,Africa,South Africa,Cape Town,SME,Net 30,20000
CUST1146,Summit Logistics,Europe,Germany,Berlin,SME,Net 30,50000
CUST1147,Willow Industries,UK,England,London,SME,Net 30,100000
CUST1148,Terra Enterprises,Africa,Kenya,Nairobi,Enterprise,Net 30,50000
CUST1149,Xenon Partners,UK,Scotland,Glasgow,SME,Net 15,50000
CUST1150,Harbor Industries,UK,Scotland,Glasgow,SME,Net 30,10000
CUST1151,Terra Holdings,Europe,Germany,Berlin,Mid-Market,Net 45,10000
CUST1152,Harbor Logistics,UK,England,Manchester,Mid-Market,Net 60,250000
CUST1153,Harbor Holdings,Europe,Italy,Rome,SME,Net 60,5000
CUST1154,Willow Supplies,Europe,France,Paris,SME,Net 30,10000
CUST1155,Harbor Enterprises,Africa,Kenya,Nairobi,SME,Net 15,100000
CUST1156,River Supplies,Europe,Italy,Rome,SME,Net 45,10000
CUST1157,Umbra Trading,UK,Scotland,Glasgow,SME,Net 30,20000
CUST1158,River Supplies,Africa,Nigeria,Abuja,Mid-Market,Net 30,50000
CUST1159,Pioneer Group,UK,England,Birmingham,Mid-Market,Net 15,20000
CUST1160,Umbra Retailers,Europe,Spain,Madrid,SME,Net 30,10000
CUST1161,Beta Retailers,UK,England,Manchester,Mid-Market,Net 30,50000
CUST1162,River Industries,Europe,Italy,Rome,SME,Net 30,50000
CUST1163,Terra Trading,Europe,France,Paris,SME,Net 30,50000
CUST1164,Radiant Supplies,Europe,France,Paris,Mid-Market,Net 30,50000
CUST1165,Quantum Logistics,Africa,Nigeria,Abuja,Mid-Market,Net 45,10000
CUST1166,Orion Trading,Africa,Nigeria,Lagos,SME,Net 60,10000
CUST1167,Radiant Logistics,Europe,Germany,Berlin,SME,Net 30,20000
CUST1168,Aspen Holdings,Europe,Spain,Madrid,SME,Net 30,250000
CUST1169,Willow Enterprises,Europe,Germany,Berlin,SME,Net 45,50000
CUST1170,Alpha Holdings,UK,England,Leeds,SME,Net 30,20000
CUST1171,Delta Solutions,UK,England,Birmingham,Enterprise,Net 15,20000
CUST1172,Harbor Logistics,Europe,Spain,Madrid,SME,Net 45,10000
CUST1173,River Partners,Europe,Netherlands,Amsterdam,SME,Net 30,10000
CUST1174,Summit Enterprises,Africa,South Africa,Cape Town,Mid-Market,Net 30,50000
CUST1175,Terra Partners,UK,Scotland,Glasgow,Enterprise,Net 60,20000
CUST1176,Pioneer Holdings,UK,England,Leeds,SME,Net 30,5000
CUST1177,Beta Group,Africa,South Africa,Johannesburg,Mid-Market,Net 45,20000
CUST1178,Radiant Industries,UK,England,Leeds,SME,Net 30,20000
CUST1179,Quantum Logistics,Europe,Germany,Berlin,SME,Net 60,100000
CUST1180,Willow Solutions,UK,England,Leeds,SME,Net 45,10000
CUST1181,Radiant Partners,Africa,Kenya,Nairobi,SME,Net 30,10000
CUST1182,Nova Group,Africa,Nigeria,Lagos,Mid-Market,Net 30,250000
CUST1183,Vertex Industries,Africa,South Africa,Johannesburg,Mid-Market,Net 30,5000
CUST1184,Beta Trading,Europe,Spain,Madrid,SME,Net 45,10000
CUST1185,Delta Trading,Africa,South Africa,Cape Town,SME,Net 60,50000
CUST1186,Epsilon Partners,UK,England,Leeds,SME,Net 15,20000
CUST1187,Pioneer Trading,Africa,South Africa,Cape Town,SME,Net 15,100000
CUST1188,Delta Industries,Europe,Italy,Rome,SME,Net 30,100000
CUST1189,Terra Group,UK,Scotland,Glasgow,Mid-Market,Net 30,10000
CUST1190,Alpha Supplies,UK,England,Leeds,SME,Net 45,5000
CUST1191,Alpha Industries,Africa,Nigeria,Lagos,SME,Net 30,20000
CUST1192,Terra Logistics,UK,England,Birmingham,SME,Net 45,20000
CUST1193,Orion Retailers,UK,Scotland,Glasgow,Mid-Market,Net 45,50000
CUST1194,Aspen Supplies,Africa,South Africa,Cape Town,SME,Net 30,20000
CUST1195,Terra Group,Europe,Germany,Berlin,SME,Net 45,5000
CUST1196,Alpha Solutions,UK,England,Birmingham,Mid-Market,Net 30,10000
CUST1197,Harbor Trading,Africa,South Africa,Johannesburg,Enterprise,Net 30,20000
CUST1198,Delta Partners,UK,England,Birmingham,Mid-Market,Net 60,20000
CUST1199,Epsilon Trading,UK,England,Manchester,SME,Net 30,20000
CUST1200,Pioneer Partners,UK,Scotland,Glasgow,SME,Net 45,10000
CUST1201,Xenon Trading,Europe,Spain,Madrid,SME,Net 45,100000
CUST1202,Quantum Logistics,Europe,Netherlands,Amsterdam,Mid-Market,Net 30,20000
CUST1203,Umbra Supplies,Africa,South Africa,Cape Town,SME,Net 15,5000
CUST1204,Umbra Enterprises,UK,England,Birmingham,Enterprise,Net 45,50000
CUST1205,Harbor Trading,Africa,Nigeria,Abuja,SME,Net 45,100000
CUST1206,Delta Partners,UK,England,Manchester,Mid-Market,Net 30,50000
CUST1207,Willow Solutions,Africa,Nigeria,Abuja,SME,Net 60,100000
CUST1208,Harbor Logistics,UK,England,Manchester,Mid-Market,Net 30,10000
CUST1209,Harbor Holdings,Europe,France,Paris,SME,Net 45,20000
CUST1210,Pioneer Supplies,Europe,Netherlands,Amsterdam,SME,Net 30,20000
CUST1211,Umbra Group,UK,England,Manchester,SME,Net 60,250000
CUST1212,Pioneer Enterprises,Africa,Kenya,Nairobi,Mid-Market,Net 30,100000
CUST1213,Delta Industries,UK,England,Manchester,Mid-Market,Net 60,10000
CUST1214,Vertex Group,UK,England,Leeds,SME,Net 30,5000
CUST1215,Nova Logistics,Europe,Germany,Berlin,SME,Net 30,20000
CUST1216,Aspen Holdings,Africa,Nigeria,Lagos,Mid-Market,Net 60,10000
CUST1217,Nova Group,Europe,France,Paris,SME,Net 30,50000
CUST1218,Beta Partners,Africa,Nigeria,Abuja,Mid-Market,Net 15,10000
CUST1219,Nova Industries,UK,England,Manchester,SME,Net 30,50000
CUST1220,Aspen Industries,UK,Scotland,Glasgow,SME,Net 60,100000
CUST1221,Pioneer Retailers,Europe,Spain,Madrid,SME,Net 45,50000
CUST1222,Umbra Enterprises,Africa,Kenya,Nairobi,Enterprise,Net 30,20000
CUST1223,Aspen Solutions,Europe,France,Paris,Mid-Market,Net 15,100000
CUST1224,Radiant Solutions,Europe,Germany,Berlin,SME,Net 30,50000
CUST1225,Terra Retailers,UK,England,London,SME,Net 30,5000
CUST1226,Aspen Logistics,Europe,Spain,Madrid,Mid-Market,Net 30,50000
CUST1227,Delta Holdings,Africa,South Africa,Cape Town,SME,Net 30,50000
CUST1228,Cedar Partners,Europe,Germany,Berlin,SME,Net 45,250000
CUST1229,River Partners,Europe,Germany,Berlin,Mid-Market,Net 30,10000
CUST1230,Summit Trading,Europe,Spain,Madrid,Mid-Market,Net 30,50000
CUST1231,Umbra Holdings,Europe,France,Paris,Mid-Market,Net 15,100000
CUST1232,Alpha Supplies,Europe,Italy,Rome,SME,Net 45,20000
CUST1233,Alpha Trading,Europe,Spain,Madrid,Mid-Market,Net 15,50000
CUST1234,Harbor Supplies,UK,England,Manchester,Enterprise,Net 30,10000
CUST1235,Radiant Enterprises,UK,England,Manchester,Mid-Market,Net 45,10000
CUST1236,Maple Holdings,Africa,Nigeria,Lagos,SME,Net 45,10000
CUST1237,Delta Logistics,Europe,Germany,Berlin,Mid-Market,Net 60,250000
CUST1238,Umbra Industries,Africa,South Africa,Cape Town,SME,Net 15,20000
CUST1239,Cedar Holdings,Africa,South Africa,Cape Town,Enterprise,Net 45,100000
CUST1240,Umbra Industries,Europe,Italy,Rome,SME,Net 60,50000
CUST1241,Delta Group,Africa,Kenya,Nairobi,SME,Net 30,10000
CUST1242,Epsilon Industries,Africa,Kenya,Nairobi,SME,Net 45,20000
CUST1243,Alpha Solutions,Europe,Italy,Rome,SME,Net 45,10000
CUST1244,Terra Supplies,Africa,South Africa,Johannesburg,SME,Net 30,50000
CUST1245,Xenon Partners,Europe,Netherlands,Amsterdam,Mid-Market,Net 30,50000
CUST1246,Alpha Group,Africa,Nigeria,Abuja,Mid-Market,Net 30,50000
CUST1247,Radiant Supplies,UK,England,Leeds,SME,Net 30,5000
CUST1248,Willow Partners,Africa,Nigeria,Abuja,Enterprise,Net 45,100000
CUST1249,Pioneer Logistics,Europe,Italy,Rome,SME,Net 45,100000
CUST1250,River Solutions,Africa,South Africa,Johannesburg,SME,Net 30,50000
CUST1251,Beta Trading,UK,England,London,Mid-Market,Net 45,20000
CUST1252,Delta Logistics,UK,England,Manchester,SME,Net 15,50000
CUST1253,Willow Trading,UK,England,Leeds,SME,Net 15,20000
CUST1254,Alpha Supplies,Africa,Nigeria,Lagos,SME,Net 30,20000
CUST1255,Maple Logistics,Africa,South Africa,Johannesburg,Mid-Market,Net 30,10000
CUST1256,Delta Solutions,Europe,Netherlands,Amsterdam,Mid-Market,Net 30,10000
CUST1257,Cedar Enterprises,UK,Scotland,Glasgow,SME,Net 45,50000
CUST1258,Vertex Enterprises,Africa,Nigeria,Abuja,SME,Net 45,50000
CUST1259,Harbor Solutions,Africa,South Africa,Johannesburg,SME,Net 30,10000
CUST1260,Cedar Enterprises,Europe,France,Paris,SME,Net 30,20000
CUST1261,Radiant Solutions,UK,England,London,Mid-Market,Net 30,50000
CUST1262,Epsilon Logistics,UK,England,Leeds,SME,Net 30,20000
CUST1263,Nova Retailers,UK,England,Manchester,SME,Net 30,20000
CUST1264,Nova Industries,Africa,South Africa,Cape Town,SME,Net 30,250000
CUST1265,Xenon Logistics,Europe,Italy,Rome,SME,Net 15,50000
CUST1266,Epsilon Trading,Europe,Spain,Madrid,Enterprise,Net 45,50000
CUST1267,Cedar Logistics,Africa,South Africa,Cape Town,Enterprise,Net 30,100000
CUST1268,Nova Industries,Africa,South Africa,Johannesburg,Mid-Market,Net 30,50000
CUST1269,Alpha Solutions,Africa,South Africa,Johannesburg,Mid-Market,Net 45,5000
CUST1270,Beta Supplies,Europe,France,Paris,Enterprise,Net 45,5000
CUST1271,Quantum Retailers,UK,England,Leeds,Mid-Market,Net 30,20000
CUST1272,Epsilon Retailers,Africa,South Africa,Johannesburg,SME,Net 30,10000
CUST1273,Radiant Group,UK,England,London,SME,Net 60,100000
CUST1274,Terra Logistics,Europe,Netherlands,Amsterdam,Mid-Market,Net 60,10000
CUST1275,Xenon Logistics,UK,Scotland,Glasgow,SME,Net 30,100000
CUST1276,Pioneer Partners,Europe,France,Paris,Enterprise,Net 30,20000
CUST1277,Quantum Industries,Africa,Nigeria,Abuja,SME,Net 30,50000
CUST1278,Summit Trading,Africa,South Africa,Cape Town,SME,Net 15,10000
CUST1279,Nova Group,UK,England,London,Mid-Market,Net 30,100000
CUST1280,Epsilon Partners,Europe,Italy,Rome,SME,Net 45,20000
CUST1281,Epsilon Trading,UK,England,Birmingham,SME,Net 30,20000
CUST1282,Beta Supplies,Africa,Nigeria,Abuja,Enterprise,Net 30,100000
CUST1283,Delta Industries,Africa,South Africa,Cape Town,Enterprise,Net 45,20000
CUST1284,Harbor Group,Africa,South Africa,Johannesburg,SME,Net 30,5000
CUST1285,Terra Group,UK,England,Manchester,SME,Net 30,250000
CUST1286,Radiant Group,Africa,South Africa,Johannesburg,Mid-Market,Net 30,100000
CUST1287,Terra Partners,Africa,Nigeria,Lagos,SME,Net 45,50000
CUST1288,Radiant Logistics,Africa,South Africa,Johannesburg,SME,Net 15,100000
CUST1289,Vertex Holdings,Africa,South Africa,Cape Town,SME,Net 30,5000
CUST1290,Umbra Partners,UK,England,London,SME,Net 30,100000
CUST1291,Alpha Retailers,Europe,France,Paris,Mid-Market,Net 45,50000
CUST1292,Summit Enterprises,UK,Scotland,Glasgow,Enterprise,Net 45,5000
CUST1293,Aspen Supplies,Africa,South Africa,Cape Town,SME,Net 45,50000
CUST1294,Cedar Group,UK,Scotland,Glasgow,SME,Net 30,20000
CUST1295,Alpha Industries,UK,England,Birmingham,Mid-Market,Net 45,100000
CUST1296,Aspen Trading,UK,England,Manchester,SME,Net 30,250000
CUST1297,Summit Holdings,Europe,France,Paris,Enterprise,Net 45,50000
CUST1298,Delta Trading,Africa,Nigeria,Lagos,SME,Net 30,20000
CUST1299,Quantum Logistics,Europe,Spain,Madrid,SME,Net 30,50000
CUST1300,Alpha Industries,Europe,Spain,Madrid,Enterprise,Net 45,10000
CUST1301,Xenon Enterprises,Africa,Nigeria,Lagos,SME,Net 15,20000
CUST1302,Delta Industries,Europe,Italy,Rome,SME,Net 60,5000
CUST1303,Epsilon Group,UK,Scotland,Glasgow,SME,Net 45,100000
CUST1304,Beta Enterprises,Europe,Germany,Berlin,SME,Net 30,10000
CUST1305,Delta Retailers,Africa,South Africa,Cape Town,Mid-Market,Net 30,50000
CUST1306,Nova Group,Europe,Netherlands,Amsterdam,Mid-Market,Net 45,50000
CUST1307,Summit Solutions,Europe,Germany,Berlin,SME,Net 60,50000
CUST1308,Cedar Group,Europe,Italy,Rome,Enterprise,Net 30,50000
CUST1309,Quantum Trading,UK,Scotland,Glasgow,SME,Net 30,50000
CUST1310,Pioneer Retailers,Africa,South Africa,Johannesburg,SME,Net 30,50000
CUST1311,Nova Logistics,Europe,Germany,Berlin,SME,Net 30,50000
CUST1312,Radiant Logistics,Africa,South Africa,Cape Town,Mid-Market,Net 15,100000
CUST1313,Radiant Supplies,Europe,Germany,Berlin,SME,Net 30,50000
CUST1314,Pioneer Partners,Europe,Netherlands,Amsterdam,Mid-Market,Net 30,5000
CUST1315,Nova Partners,Europe,France,Paris,Enterprise,Net 30,10000
CUST1316,Quantum Holdings,Europe,Netherlands,Amsterdam,SME,Net 30,50000
CUST1317,Alpha Logistics,Africa,South Africa,Cape Town,Enterprise,Net 45,50000
CUST1318,Willow Industries,Europe,Spain,Madrid,Mid-Market,Net 60,250000
CUST1319,Epsilon Trading,Europe,Italy,Rome,SME,Net 15,5000
CUST1320,Beta Group,UK,England,Manchester,Enterprise,Net 45,10000
CUST1321,Nova Partners,UK,England,Birmingham,SME,Net 30,50000
CUST1322,Cedar Holdings,Africa,South Africa,Johannesburg,SME,Net 30,20000
CUST1323,Orion Holdings,Europe,Spain,Madrid,SME,Net 30,50000
CUST1324,Summit Industries,Europe,Italy,Rome,SME,Net 45,5000
CUST1325,Maple Supplies,Europe,Netherlands,Amsterdam,SME,Net 60,100000
CUST1326,Beta Industries,Europe,Netherlands,Amsterdam,Mid-Market,Net 15,20000
CUST1327,Pioneer Logistics,Africa,Nigeria,Lagos,Mid-Market,Net 15,100000
CUST1328,Beta Retailers,Europe,Netherlands,Amsterdam,SME,Net 30,50000
CUST1329,Vertex Supplies,Europe,Netherlands,Amsterdam,Enterprise,Net 30,20000
CUST1330,Pioneer Logistics,Africa,South Africa,Cape Town,SME,Net 15,20000
CUST1331,Nova Industries,Africa,South Africa,Cape Town,SME,Net 30,10000
CUST1332,Epsilon Retailers,Europe,Spain,Madrid,SME,Net 45,50000
CUST1333,Terra Holdings,UK,England,Birmingham,Enterprise,Net 30,250000
CUST1334,Alpha Enterprises,Europe,Netherlands,Amsterdam,Enterprise,Net 30,20000
CUST1335,Alpha Supplies,Africa,Nigeria,Abuja,SME,Net 30,50000
CUST1336,Epsilon Industries,UK,England,London,Mid-Market,Net 45,5000
CUST1337,Alpha Industries,Africa,Kenya,Nairobi,SME,Net 45,50000
CUST1338,Willow Retailers,Africa,Nigeria,Lagos,Mid-Market,Net 45,50000
CUST1339,Xenon Holdings,Europe,Spain,Madrid,SME,Net 30,20000
CUST1340,Cedar Group,Europe,Spain,Madrid,SME,Net 30,100000
CUST1341,Vertex Trading,UK,Scotland,Glasgow,SME,Net 60,20000
CUST1342,Xenon Logistics,UK,England,Manchester,SME,Net 45,250000
CUST1343,Quantum Holdings,UK,England,Leeds,SME,Net 30,250000
CUST1344,Alpha Supplies,UK,England,Birmingham,SME,Net 45,10000
CUST1345,Summit Holdings,Europe,Spain,Madrid,SME,Net 30,50000
CUST1346,Willow Enterprises,UK,Scotland,Glasgow,Mid-Market,Net 30,20000
CUST1347,Alpha Partners,UK,Scotland,Glasgow,SME,Net 30,50000
CUST1348,Terra Supplies,Africa,Nigeria,Abuja,SME,Net 15,20000
CUST1349,Alpha Supplies,Africa,Nigeria,Abuja,SME,Net 30,50000
CUST1350,Aspen Retailers,Europe,Netherlands,Amsterdam,SME,Net 45,20000
CUST1351,Alpha Enterprises,Europe,Spain,Madrid,SME,Net 30,10000
CUST1352,Beta Group,Africa,Nigeria,Lagos,SME,Net 15,20000
CUST1353,Epsilon Enterprises,UK,England,London,SME,Net 30,10000
CUST1354,Beta Logistics,UK,England,Birmingham,SME,Net 15,50000
CUST1355,Vertex Retailers,Africa,Nigeria,Lagos,SME,Net 15,20000
CUST1356,Willow Enterprises,Europe,Italy,Rome,SME,Net 30,100000
CUST1357,Radiant Enterprises,UK,Scotland,Glasgow,SME,Net 45,10000
CUST1358,Aspen Trading,UK,England,Manchester,SME,Net 30,10000
CUST1359,Vertex Industries,UK,England,Birmingham,SME,Net 45,10000
CUST1360,Willow Trading,Africa,Nigeria,Abuja,Mid-Market,Net 30,50000
CUST1361,Aspen Logistics,Africa,South Africa,Johannesburg,SME,Net 45,5000
CUST1362,Radiant Group,Africa,Nigeria,Lagos,Mid-Market,Net 30,50000
CUST1363,Radiant Trading,Africa,Kenya,Nairobi,Enterprise,Net 45,10000
CUST1364,Umbra Enterprises,Africa,South Africa,Cape Town,SME,Net 30,5000
CUST1365,Harbor Logistics,UK,England,Birmingham,Mid-Market,Net 30,50000
CUST1366,Beta Group,UK,England,Leeds,SME,Net 15,50000
CUST1367,Umbra Industries,UK,Scotland,Glasgow,SME,Net 15,20000
CUST1368,Vertex Retailers,Africa,South Africa,Cape Town,Mid-Market,Net 45,20000
CUST1369,Cedar Holdings,Europe,Spain,Madrid,SME,Net 15,20000
CUST1370,Umbra Trading,Africa,Nigeria,Lagos,SME,Net 60,5000
CUST1371,Terra Logistics,Europe,Spain,Madrid,Enterprise,Net 30,100000
CUST1372,Delta Solutions,Africa,South Africa,Johannesburg,Mid-Market,Net 30,20000
CUST1373,Radiant Holdings,Africa,South Africa,Johannesburg,SME,Net 30,10000
CUST1374,Delta Trading,Europe,Spain,Madrid,SME,Net 45,100000
CUST1375,Delta Supplies,Europe,Spain,Madrid,Enterprise,Net 30,50000
CUST1376,Xenon Trading,Europe,Germany,Berlin,SME,Net 30,20000
CUST1377,River Solutions,Europe,Spain,Madrid,Enterprise,Net 15,50000
CUST1378,Alpha Supplies,UK,England,Leeds,Mid-Market,Net 15,250000
CUST1379,Xenon Holdings,Africa,Nigeria,Lagos,Mid-Market,Net 30,10000
CUST1380,Maple Supplies,Europe,Spain,Madrid,SME,Net 30,50000
CUST1381,Beta Trading,Africa,South Africa,Johannesburg,SME,Net 30,50000
CUST1382,Epsilon Holdings,UK,England,Leeds,SME,Net 30,100000
CUST1383,Xenon Trading,UK,England,Birmingham,Mid-Market,Net 60,5000
CUST1384,Terra Group,Africa,Nigeria,Lagos,Mid-Market,Net 45,10000
CUST1385,Willow Logistics,Africa,South Africa,Johannesburg,Mid-Market,Net 45,50000
CUST1386,Umbra Enterprises,Europe,Spain,Madrid,SME,Net 30,50000
CUST1387,River Trading,UK,England,Birmingham,Enterprise,Net 30,50000
CUST1388,Beta Industries,Africa,Nigeria,Abuja,SME,Net 45,20000
CUST1389,Summit Trading,UK,England,Birmingham,SME,Net 45,100000
CUST1390,Delta Supplies,UK,England,London,Mid-Market,Net 15,10000
CUST1391,Radiant Enterprises,Africa,Kenya,Nairobi,SME,Net 30,20000
CUST1392,River Retailers,Europe,Germany,Berlin,SME,Net 30,50000
CUST1393,Alpha Industries,Africa,South Africa,Johannesburg,SME,Net 45,10000
CUST1394,Vertex Group,Africa,Nigeria,Abuja,SME,Net 30,10000
CUST1395,Orion Retailers,UK,England,London,SME,Net 30,100000
CUST1396,Quantum Industries,UK,England,Manchester,Mid-Market,Net 30,10000
CUST1397,Epsilon Enterprises,Africa,Nigeria,Lagos,SME,Net 60,10000
CUST1398,River Partners,Europe,France,Paris,Mid-Market,Net 30,20000
CUST1399,Nova Supplies,Europe,Germany,Berlin,SME,Net 45,100000
CUST1400,Quantum Supplies,Europe,France,Paris,SME,Net 30,50000
CUST1401,Maple Logistics,UK,England,Manchester,SME,Net 30,5000
CUST1402,Willow Solutions,Africa,South Africa,Cape Town,SME,Net 45,50000
CUST1403,Pioneer Holdings,Africa,South Africa,Cape Town,Mid-Market,Net 30,50000
CUST1404,Maple Supplies,UK,England,Birmingham,Mid-Market,Net 30,50000
CUST1405,Delta Supplies,Africa,Nigeria,Lagos,SME,Net 45,5000
CUST1406,River Enterprises,Europe,Germany,Berlin,SME,Net 30,20000
CUST1407,Xenon Supplies,Europe,France,Paris,Mid-Market,Net 45,100000
CUST1408,Vertex Holdings,Europe,Spain,Madrid,SME,Net 30,5000
CUST1409,Beta Logistics,UK,England,Leeds,SME,Net 60,20000
CUST1410,Terra Retailers,UK,Scotland,Glasgow,Enterprise,Net 45,10000
CUST1411,Radiant Holdings,Europe,Italy,Rome,Mid-Market,Net 15,5000
CUST1412,Quantum Logistics,UK,England,Manchester,SME,Net 45,20000
CUST1413,Beta Industries,Africa,South Africa,Cape Town,SME,Net 30,100000
CUST1414,River Trading,Europe,Netherlands,Amsterdam,SME,Net 30,10000
CUST1415,Pioneer Holdings,Africa,South Africa,Cape Town,SME,Net 30,100000
CUST1416,Umbra Logistics,UK,England,Manchester,SME,Net 30,20000
CUST1417,Cedar Partners,Europe,Spain,Madrid,SME,Net 30,10000
CUST1418,Vertex Logistics,Africa,Kenya,Nairobi,Mid-Market,Net 45,50000
CUST1419,Summit Partners,Africa,Nigeria,Abuja,SME,Net 30,100000
CUST1420,Nova Industries,Africa,Nigeria,Lagos,SME,Net 30,50000
CUST1421,Terra Supplies,UK,England,Manchester,SME,Net 45,10000
CUST1422,Summit Partners,Europe,Spain,Madrid,SME,Net 45,50000
CUST1423,Alpha Logistics,Europe,Italy,Rome,Mid-Market,Net 45,50000
CUST1424,Harbor Trading,UK,England,Leeds,SME,Net 30,50000
CUST1425,Vertex Group,Europe,Italy,Rome,SME,Net 30,10000
CUST1426,Maple Industries,Africa,Kenya,Nairobi,SME,Net 30,100000
CUST1427,Terra Trading,Europe,Italy,Rome,SME,Net 30,50000
CUST1428,Nova Trading,Europe,Netherlands,Amsterdam,SME,Net 30,20000
CUST1429,Umbra Retailers,Africa,South Africa,Cape Town,Enterprise,Net 30,5000
CUST1430,Alpha Holdings,UK,England,Leeds,Mid-Market,Net 45,100000
CUST1431,Nova Supplies,Europe,Spain,Madrid,Mid-Market,Net 60,50000
CUST1432,Nova Retailers,Africa,Nigeria,Lagos,SME,Net 30,5000
CUST1433,Quantum Supplies,UK,Scotland,Glasgow,SME,Net 45,20000
CUST1434,Harbor Solutions,UK,England,Birmingham,SME,Net 30,5000
CUST1435,Maple Holdings,Europe,France,Paris,SME,Net 45,100000
CUST1436,Xenon Industries,UK,England,Leeds,SME,Net 45,100000
CUST1437,Terra Industries,Africa,South Africa,Johannesburg,SME,Net 30,10000
CUST1438,Quantum Solutions,Europe,France,Paris,Enterprise,Net 45,250000
CUST1439,Delta Logistics,UK,England,Leeds,SME,Net 45,20000
CUST1440,Epsilon Holdings,Africa,South Africa,Johannesburg,Enterprise,Net 30,10000
CUST1441,Aspen Enterprises,Europe,Netherlands,Amsterdam,Enterprise,Net 30,10000
CUST1442,Delta Logistics,Europe,Spain,Madrid,SME,Net 45,50000
CUST1443,Willow Group,Africa,Kenya,Nairobi,SME,Net 60,250000
CUST1444,Pioneer Supplies,UK,England,Leeds,SME,Net 60,20000
CUST1445,Aspen Industries,Europe,Italy,Rome,Mid-Market,Net 30,50000
CUST1446,Harbor Enterprises,Africa,South Africa,Cape Town,SME,Net 30,50000
CUST1447,Summit Partners,Europe,Spain,Madrid,SME,Net 15,50000
CUST1448,Beta Holdings,UK,England,Manchester,SME,Net 30,5000
CUST1449,Terra Enterprises,Africa,Nigeria,Lagos,Mid-Market,Net 30,250000
CUST1450,Summit Retailers,Africa,Nigeria,Abuja,SME,Net 30,20000
CUST1451,Pioneer Enterprises,Europe,France,Paris,SME,Net 45,5000
CUST1452,Delta Group,UK,England,Manchester,SME,Net 45,50000
CUST1453,Alpha Logistics,Europe,Italy,Rome,Mid-Market,Net 45,10000
CUST1454,Orion Group,Europe,Spain,Madrid,Mid-Market,Net 60,5000
CUST1455,Epsilon Logistics,UK,England,Manchester,SME,Net 45,50000
CUST1456,Orion Holdings,Europe,Spain,Madrid,SME,Net 15,50000
CUST1457,Epsilon Retailers,Africa,Nigeria,Abuja,Mid-Market,Net 30,10000
CUST1458,River Trading,Europe,Netherlands,Amsterdam,SME,Net 45,5000
CUST1459,Alpha Partners,Africa,Kenya,Nairobi,Mid-Market,Net 30,50000
CUST1460,Aspen Solutions,UK,England,Leeds,SME,Net 45,10000
CUST1461,Willow Logistics,Africa,Nigeria,Lagos,Enterprise,Net 30,10000
CUST1462,Summit Logistics,UK,Scotland,Glasgow,SME,Net 30,10000
CUST1463,Maple Retailers,Africa,Kenya,Nairobi,Mid-Market,Net 15,50000
CUST1464,Cedar Group,Africa,South Africa,Johannesburg,Enterprise,Net 45,20000
CUST1465,Nova Solutions,Africa,Kenya,Nairobi,SME,Net 60,100000
CUST1466,Aspen Solutions,Africa,Kenya,Nairobi,SME,Net 30,50000
CUST1467,Radiant Industries,UK,England,Birmingham,Mid-Market,Net 45,20000
CUST1468,Xenon Solutions,UK,England,Manchester,SME,Net 45,5000
CUST1469,Radiant Partners,Europe,France,Paris,SME,Net 30,10000
CUST1470,Epsilon Group,Europe,Germany,Berlin,SME,Net 60,50000
CUST1471,Radiant Group,Africa,South Africa,Johannesburg,SME,Net 15,50000
CUST1472,Nova Partners,Europe,Germany,Berlin,SME,Net 30,50000
CUST1473,Alpha Solutions,UK,England,Leeds,SME,Net 60,10000
CUST1474,Terra Enterprises,Europe,Germany,Berlin,Mid-Market,Net 30,100000
CUST1475,Orion Retailers,Europe,Spain,Madrid,Mid-Market,Net 30,10000
CUST1476,Maple Holdings,UK,England,Leeds,Mid-Market,Net 15,10000
CUST1477,Epsilon Industries,UK,England,Leeds,Mid-Market,Net 30,10000
CUST1478,River Supplies,Africa,Nigeria,Lagos,SME,Net 45,100000
CUST1479,Quantum Industries,Europe,Netherlands,Amsterdam,SME,Net 30,50000
CUST1480,Delta Trading,Europe,Italy,Rome,Mid-Market,Net 45,100000
CUST1481,Orion Partners,UK,England,London,SME,Net 60,50000
CUST1482,Vertex Partners,UK,Scotland,Glasgow,SME,Net 30,5000
CUST1483,Orion Retailers,Europe,Germany,Berlin,SME,Net 30,20000
CUST1484,Umbra Industries,Europe,France,Paris,SME,Net 60,5000
CUST1485,Pioneer Partners,Africa,Nigeria,Abuja,Mid-Market,Net 45,50000
CUST1486,Beta Industries,Europe,Italy,Rome,Mid-Market,Net 30,10000
CUST1487,River Group,UK,England,London,SME,Net 30,20000
CUST1488,Xenon Holdings,Europe,France,Paris,Mid-Market,Net 15,50000
CUST1489,Terra Partners,UK,England,Leeds,SME,Net 30,20000
CUST1490,Epsilon Solutions,UK,Scotland,Glasgow,SME,Net 45,10000
CUST1491,Cedar Industries,Africa,Kenya,Nairobi,Mid-Market,Net 45,100000
CUST1492,Beta Holdings,UK,England,London,SME,Net 30,250000
CUST1493,River Industries,UK,England,Leeds,SME,Net 30,10000
CUST1494,Willow Group,Africa,Nigeria,Abuja,Enterprise,Net 45,100000
CUST1495,Umbra Solutions,UK,England,Manchester,SME,Net 45,5000
CUST1496,Delta Group,UK,England,Manchester,SME,Net 30,50000
CUST1497,Aspen Enterprises,UK,England,London,Mid-Market,Net 30,100000
CUST1498,Orion Trading,UK,England,Leeds,Mid-Market,Net 30,10000
CUST1499,Quantum Solutions,UK,Scotland,Glasgow,SME,Net 30,10000
CUST1500,Quantum Solutions,Africa,Nigeria,Lagos,Mid-Market,Net 30,20000
